addressLocality,latitude,longitude,price,property-beds,property-baths,property-sqft,Basement,Bath,Exterior,Exterior Features,Features,Fireplace,Heating,Partial Bathroom,Property Tax,Property Type,Roof,Sewer,Square Footage,Type,Parking,Flooring,Parking Features,Fireplace Features
St. John's,47.566742,-52.769271,289900.0,5.0,3.0,1675.0,[],1.0,"[""Vinyl siding""]","[""Vinyl siding""]",[],[],"[""Electric""]",1.0,,Single Family,[],"[""Municipal sewage system""]",,Single Family,[],"[""Mixed Flooring""]",[],[]
St. John's,47.536586,-52.755753,359900.0,5.0,2.0,2346.0,[],0.0,"[""Vinyl siding""]","[""Vinyl siding""]","[""Other""]",Yes,"[""Baseboard heaters"", ""Oil"", ""Electric"", ""Wood""]",0.0,,Single Family,[],"[""Municipal sewage system""]",,Single Family,"[""Other""]","[""Laminate"", ""Other"", ""Mixed Flooring""]","[""Other""]",[]
Paradise,47.5437121,-52.9041562,399000.0,5.0,4.0,2140.0,,1.0,Vinyl siding,Vinyl siding,Vinyl siding,,Electric,1.0,,Single Family,,Municipal sewage system,,Single Family,,"Laminate, Other, Mixed Flooring",,
Paradise,47.5252668,-52.8906806,424900.0,5.0,3.0,2089.0,[],1.0,"[""Vinyl siding""]","[""Vinyl siding""]",[],[],"[""Baseboard heaters"", ""Electric""]",1.0,,Single Family,[],[],,Single Family,[],"[""Other""]",[],[]
St. John's,47.594431,-52.70595,429900.0,3.0,3.0,2618.0,,1.0,"Brick, Vinyl siding","Brick, Vinyl siding","Brick, Vinyl siding",,"Hot water radiator heat, Baseboard heaters, Electric",1.0,,Single Family,,Municipal sewage system,,Single Family,,Mixed Flooring,,
St. John's,47.558369,-52.718269,349900.0,3.0,2.0,2346.0,[],1.0,"[""Other""]","[""Other""]",[],[],"[""Electric""]",1.0,,Single Family,[],"[""Municipal sewage system""]",,Single Family,[],"[""Laminate"", ""Ceramic Tile""]",[],[]
St. John's,47.60665,-52.748371,479900.0,2.0,2.0,1227.0,[],1.0,"[""Vinyl siding""]","[""Vinyl siding""]","[""Attached Garage""]",[],"[""Heat Pump"", ""Electric""]",1.0,,Single Family,[],"[""Municipal sewage system""]",,Single Family,"[""Attached Garage""]","[""Laminate""]","[""Attached Garage""]",[]
St. John's,47.4947925,-52.7994534,619900.0,4.0,3.0,3040.0,[],1.0,"[""Vinyl siding""]","[""Vinyl siding""]","[""Attached Garage""]",[],"[""Electric""]",1.0,,Single Family,[],"[""Municipal sewage system""]",,Single Family,"[""Attached Garage""]","[""Laminate"", ""Ceramic Tile""]","[""Attached Garage""]",[]
Paradise,47.537146,-52.874777,389900.0,4.0,2.0,1748.0,[],0.0,[],[],[],[],"[""Baseboard heaters""]",0.0,,Single Family,[],"[""Municipal sewage system""]",,Single Family,[],"[""Hardwood"", ""Laminate"", ""Ceramic Tile""]",[],[]
St. John's,47.526195,-52.775182,369900.0,5.0,2.0,2372.0,[],0.0,"[""Vinyl siding""]","[""Vinyl siding""]",[],Yes,"[""Hot water radiator heat"", ""Electric""]",0.0,,Single Family,[],"[""Municipal sewage system""]",,Single Family,[],"[""Hardwood"", ""Other""]",[],[]
Paradise,47.5433904,-52.9097895,829900.0,3.0,3.0,3492.0,[],0.0,"[""Brick"", ""Vinyl siding""]","[""Brick"", ""Vinyl siding""]","[""Attached Garage""]",Yes,"[""Heat Pump"", ""Propane""]",0.0,,Single Family,[],"[""Septic tank""]",,Single Family,"[""Attached Garage""]","[""Hardwood"", ""Ceramic Tile""]","[""Attached Garage""]","[""Insert"", ""Propane""]"
St. John's,47.5625761,-52.7155449,449000.0,3.0,3.0,1563.0,,1.0,"[""Vinyl siding""]","[""Vinyl siding""]","[""Parking Space(s)""]",[],"[""Electric""]",1.0,,Condo,,"[""Municipal sewage system""]",,Condo,"[""Parking Space(s)""]","[""Concrete Slab""]","[""Parking Space(s)""]",[]
St. John's,47.555159,-52.722727,269900.0,3.0,1.0,1850.0,[],0.0,"[""Other""]","[""Other""]",[],[],"[""Hot water radiator heat"", ""Baseboard heaters"", ""Radiator""]",0.0,,Single Family,[],"[""Municipal sewage system""]",,Single Family,[],"[""Mixed Flooring""]",[],[]
St. John's,47.506756,-52.75369,329900.0,4.0,3.0,1280.0,[],0.0,"[""Vinyl siding""]","[""Vinyl siding""]",[],[],"[""Electric""]",0.0,,Single Family,[],"[""Municipal sewage system""]",,Single Family,[],"[""Hardwood"", ""Other"", ""Mixed Flooring""]",[],[]
St. John's,47.557975,-52.735041,290000.0,3.0,1.0,2500.0,[],0.0,"[""Vinyl siding""]","[""Vinyl siding""]",[],[],"[""Oil""]",0.0,,Single Family,[],"[""Municipal sewage system""]",,Single Family,[],"[""Mixed Flooring""]",[],[]
St. John's,47.554721,-52.723668,330000.0,4.0,2.0,2190.0,[],0.0,"[""Vinyl siding""]","[""Vinyl siding""]",[],[],"[""Baseboard heaters"", ""Electric""]",0.0,,Single Family,[],"[""Municipal sewage system""]",,Single Family,[],"[""Laminate"", ""Other""]",[],[]
St. John's,47.457656,-52.778933,329900.0,4.0,2.0,2017.0,[],0.0,"[""Vinyl siding""]","[""Vinyl siding""]",[],[],"[""Electric""]",0.0,,Single Family,[],"[""Municipal sewage system""]",,Single Family,[],"[""Mixed Flooring""]",[],[]
St. John's,47.569091,-52.713425,359900.0,3.0,2.0,2000.0,,0.0,"Vinyl siding, Other","Vinyl siding, Other","Vinyl siding, Other",Yes,"Baseboard heaters, Electric",0.0,,Single Family,,Municipal sewage system,,Single Family,,"Laminate, Other",,
Mount Pearl,47.526161,-52.801044,230000.0,3.0,2.0,1275.0,[],1.0,"[""Vinyl siding""]","[""Vinyl siding""]",[],[],"[""Baseboard heaters"", ""Electric""]",1.0,,Single Family,[],"[""Municipal sewage system""]",,Single Family,[],"[""Laminate"", ""Other"", ""Ceramic Tile""]",[],[]
St. John's,47.544285,-52.804404,559900.0,5.0,3.0,2354.0,[],0.0,"[""Vinyl siding""]","[""Vinyl siding""]",[],[],"[""Electric""]",0.0,,Single Family,[],"[""Municipal sewage system""]",,Single Family,[],"[""Mixed Flooring""]",[],[]
St. John's,47.59731,-52.731525,399900.0,3.0,3.0,2950.0,,1.0,"Cedar shingles, Wood shingles, Other","Cedar shingles, Wood shingles, Other",Parking Space(s),Yes,"Hot water radiator heat, Baseboard heaters, Radiant heat, Oil, Electric",1.0,,Single Family,,Municipal sewage system,,Single Family,Parking Space(s),"Hardwood, Laminate, Carpeted, Other",Parking Space(s),
Mount Pearl,47.516199,-52.801631,369900.0,5.0,2.0,2704.0,[],0.0,"[""Vinyl siding""]","[""Vinyl siding""]",[],Yes,"[""Baseboard heaters"", ""Radiant heat"", ""Oil""]",0.0,,Single Family,[],"[""Municipal sewage system""]",,Single Family,[],"[""Laminate"", ""Other""]",[],"[""Insert"", ""Propane""]"
St. John's,47.5640789,-52.719868,350000.0,3.0,2.0,1778.0,,0.0,"[""Other""]","[""Other""]",[],[],"[""Baseboard heaters"", ""Electric""]",0.0,,Condo/Townhome,,"[""Municipal sewage system""]",,Condo/Townhome,[],"[""Hardwood"", ""Ceramic Tile""]",[],[]
St. John's,47.53769,-52.747855,317900.0,3.0,2.0,1650.0,[],0.0,"[""Wood shingles"", ""Vinyl siding""]","[""Wood shingles"", ""Vinyl siding""]",[],[],"[""Forced air"", ""Oil"", ""Electric""]",0.0,,Single Family,[],"[""Municipal sewage system""]",,Single Family,[],"[""Hardwood"", ""Laminate"", ""Mixed Flooring""]",[],[]
Mount Pearl,47.5310407,-52.8078166,354900.0,3.0,3.0,1670.0,[],1.0,"[""Vinyl siding""]","[""Vinyl siding""]","[""Garage""]",[],"[""Baseboard heaters""]",1.0,,Single Family,[],"[""Municipal sewage system""]",,Single Family,"[""Garage""]","[""Laminate"", ""Ceramic Tile""]","[""Garage""]",[]
St. John's,47.593246,-52.729859,60000.0,3.0,1.0,1575.0,[],0.0,"[""Wood shingles"", ""Vinyl siding""]","[""Wood shingles"", ""Vinyl siding""]",[],[],"[""Baseboard heaters"", ""Electric""]",0.0,,Single Family,[],"[""Municipal sewage system""]",,Single Family,[],"[""Laminate"", ""Other"", ""Mixed Flooring""]",[],[]
St. John's,47.535984,-52.755334,199999.0,4.0,1.0,1440.0,[],0.0,"[""Vinyl siding""]","[""Vinyl siding""]",[],[],"[""Baseboard heaters"", ""Electric""]",0.0,,Single Family,[],"[""Municipal sewage system""]",,Single Family,[],"[""Carpeted"", ""Other""]",[],[]
St. John's,47.593261,-52.729929,100000.0,3.0,1.0,1575.0,[],0.0,"[""Wood shingles"", ""Vinyl siding""]","[""Wood shingles"", ""Vinyl siding""]",[],[],"[""Baseboard heaters"", ""Electric""]",0.0,,Single Family,[],"[""Municipal sewage system""]",,Single Family,[],"[""Laminate"", ""Other"", ""Mixed Flooring""]",[],[]
St. John's,47.592937,-52.729181,100000.0,3.0,1.0,1575.0,[],0.0,"[""Wood shingles"", ""Vinyl siding""]","[""Wood shingles"", ""Vinyl siding""]",[],[],"[""Baseboard heaters"", ""Electric""]",0.0,,Single Family,[],"[""Municipal sewage system""]",,Single Family,[],"[""Laminate"", ""Other"", ""Mixed Flooring""]",[],[]
Paradise,47.5481868,-52.8938769,79900.0,,0.0,,,,[],[],[],[],,,,Vacant Land,[],[],,Vacant Land,[],[],[],[]
Paradise,47.5325873,-52.903791,459900.0,3.0,4.0,2316.0,[],2.0,"[""Vinyl siding""]","[""Vinyl siding""]","[""Attached Garage"", ""Garage""]",[],"[""Baseboard heaters"", ""Electric""]",2.0,,Single Family,[],"[""Municipal sewage system""]",,Single Family,"[""Attached Garage"", ""Garage""]","[""Hardwood"", ""Other"", ""Ceramic Tile""]","[""Attached Garage"", ""Garage""]",[]
ST. JOHN'S,47.565541,-52.76957,314900.0,3.0,2.0,1560.0,[],0.0,"[""Vinyl siding""]","[""Vinyl siding""]",[],[],"[""Electric""]",0.0,,Single Family,[],"[""Municipal sewage system""]",,Single Family,[],"[""Laminate"", ""Carpeted"", ""Other""]",[],[]
St. John's,47.592177,-52.718444,369900.0,5.0,2.0,1860.0,[],0.0,"[""Other""]","[""Other""]",[],[],"[""Baseboard heaters"", ""Electric""]",0.0,,Single Family,[],"[""Municipal sewage system""]",,Single Family,[],"[""Hardwood"", ""Ceramic Tile""]",[],[]
St. John's,47.592362,-52.705765,399900.0,3.0,2.0,2050.0,[],1.0,"[""Vinyl siding""]","[""Vinyl siding""]","[""Attached Garage""]",[],"[""Hot water radiator heat"", ""Radiant heat"", ""Oil""]",1.0,,Single Family,[],"[""Municipal sewage system""]",,Single Family,"[""Attached Garage""]","[""Hardwood"", ""Carpeted"", ""Other""]","[""Attached Garage""]",[]
St. John's,47.495299,-52.797258,639900.0,3.0,3.0,2771.0,[],1.0,"[""Vinyl siding""]","[""Vinyl siding""]","[""Attached Garage""]",[],"[""Baseboard heaters"", ""Electric""]",1.0,,Single Family,[],"[""Municipal sewage system""]",,Single Family,"[""Attached Garage""]","[""Carpeted"", ""Other"", ""Ceramic Tile""]","[""Attached Garage""]",[]
Paradise,47.5293804,-52.8793689,290000.0,2.0,2.0,852.0,,0.0,Vinyl siding,Vinyl siding,Other,,Electric,0.0,,Condo,,Municipal sewage system,,Condo,Other,"Laminate, Other",Other,
St. John's,47.540029,-52.7697,380000.0,4.0,3.0,2400.0,[],0.0,"[""Vinyl siding""]","[""Vinyl siding""]","[""Attached Garage""]",Yes,"[""Electric""]",0.0,,Single Family,[],"[""Municipal sewage system""]",,Single Family,"[""Attached Garage""]","[""Laminate"", ""Mixed Flooring""]","[""Attached Garage""]","[""Insert"", ""Propane""]"
Paradise,47.533771,-52.864566,299900.0,5.0,3.0,1840.0,[],0.0,"[""Vinyl siding""]","[""Vinyl siding""]",[],[],"[""Baseboard heaters"", ""Electric""]",0.0,,Single Family,[],"[""Municipal sewage system""]",,Single Family,[],"[""Laminate"", ""Mixed Flooring""]",[],[]
St. John's,47.587707,-52.704425,299900.0,3.0,1.0,2434.0,[],0.0,"[""Wood""]","[""Wood""]",[],Yes,"[""Hot water radiator heat"", ""Oil""]",0.0,,Single Family,[],"[""Municipal sewage system""]",,Single Family,[],"[""Hardwood"", ""Other""]",[],[]
Paradise,47.5202782,-52.9113619,679000.0,3.0,3.0,3810.0,[],1.0,"[""Vinyl siding""]","[""Vinyl siding""]","[""Detached Garage""]",Yes,"[""Hot water radiator heat"", ""Baseboard heaters"", ""Electric""]",1.0,,Single Family,[],"[""Septic tank""]",,Single Family,"[""Detached Garage""]","[""Mixed Flooring""]","[""Detached Garage""]","[""Insert"", ""Propane""]"
St. John's,47.562084,-52.713457,60000.0,,0.0,,,,[],[],[],[],,,,Vacant Land,[],"[""Municipal sewage system""]",,Vacant Land,[],[],[],[]
St. John's,47.566749,-52.743568,399900.0,4.0,2.0,2000.0,[],0.0,"[""Vinyl siding""]","[""Vinyl siding""]",[],[],"[""Electric""]",0.0,,Single Family,[],"[""Municipal sewage system""]",,Single Family,[],"[""Hardwood"", ""Laminate"", ""Ceramic Tile""]",[],[]
St. John's,47.555263,-52.751048,369900.0,3.0,2.0,1404.0,[],0.0,"[""Vinyl siding""]","[""Vinyl siding""]",[],[],"[""Electric""]",0.0,,Single Family,[],"[""Municipal sewage system""]",,Single Family,[],"[""Laminate"", ""Carpeted"", ""Other"", ""Mixed Flooring""]",[],[]
St. John's,47.508035,-52.753458,309900.0,4.0,3.0,2274.0,[],1.0,"[""Vinyl siding""]","[""Vinyl siding""]",[],Yes,"[""Baseboard heaters"", ""Electric""]",1.0,,Single Family,[],"[""Municipal sewage system""]",,Single Family,[],"[""Laminate"", ""Mixed Flooring""]",[],[]
St. John's,47.591363,-52.728044,425000.0,5.0,2.0,2560.0,[],0.0,"[""Brick"", ""Vinyl siding""]","[""Brick"", ""Vinyl siding""]",[],[],"[""Electric""]",0.0,,Single Family,[],"[""Municipal sewage system""]",,Single Family,[],"[""Carpeted"", ""Ceramic Tile"", ""Mixed Flooring""]",[],[]
Paradise,47.550739,-52.892709,435500.0,3.0,4.0,1874.0,[],2.0,"[""Vinyl siding""]","[""Vinyl siding""]",[],[],"[""Baseboard heaters"", ""Electric""]",2.0,,Single Family,[],"[""Municipal sewage system""]",,Single Family,[],"[""Mixed Flooring""]",[],[]
Paradise,47.550711,-52.892649,435500.0,3.0,4.0,1874.0,[],2.0,"[""Vinyl siding""]","[""Vinyl siding""]",[],[],"[""Baseboard heaters"", ""Electric""]",2.0,,Single Family,[],"[""Municipal sewage system""]",,Single Family,[],"[""Mixed Flooring""]",[],[]
St. John's,47.502896,-52.836489,449900.0,3.0,3.0,2087.0,[],1.0,"[""Wood shingles"", ""Vinyl siding""]","[""Wood shingles"", ""Vinyl siding""]","[""Attached Garage""]",[],"[""Baseboard heaters"", ""Electric""]",1.0,,Single Family,[],"[""Municipal sewage system""]",,Single Family,"[""Attached Garage""]","[""Laminate""]","[""Attached Garage""]",[]
St. John's,47.502844,-52.836865,479900.0,3.0,3.0,2108.0,[],1.0,"[""Wood shingles"", ""Vinyl siding""]","[""Wood shingles"", ""Vinyl siding""]","[""Attached Garage""]",[],"[""Baseboard heaters"", ""Electric""]",1.0,,Single Family,[],"[""Municipal sewage system""]",,Single Family,"[""Attached Garage""]","[""Laminate""]","[""Attached Garage""]",[]
St. John's,47.564171,-52.709094,259000.0,2.0,1.0,1040.0,[],0.0,"[""Vinyl siding""]","[""Vinyl siding""]",[],[],"[""Baseboard heaters"", ""Electric""]",0.0,,Single Family,[],"[""Municipal sewage system""]",,Single Family,[],"[""Laminate""]",[],[]
St. John's,47.564518,-52.71121,239000.0,2.0,1.0,1425.0,[],0.0,"[""Vinyl siding""]","[""Vinyl siding""]",[],[],"[""Baseboard heaters"", ""Electric""]",0.0,,Single Family,[],"[""Municipal sewage system""]",,Single Family,[],"[""Hardwood"", ""Laminate""]",[],[]
St. John's,47.502973,-52.835942,459900.0,3.0,3.0,2121.0,[],1.0,"[""Wood shingles"", ""Vinyl siding""]","[""Wood shingles"", ""Vinyl siding""]","[""Attached Garage""]",[],"[""Baseboard heaters"", ""Electric""]",1.0,,Single Family,[],"[""Municipal sewage system""]",,Single Family,"[""Attached Garage""]","[""Laminate""]","[""Attached Garage""]",[]
St. John's,47.502799,-52.837058,479900.0,3.0,3.0,2124.0,[],1.0,"[""Wood shingles"", ""Vinyl siding""]","[""Wood shingles"", ""Vinyl siding""]","[""Attached Garage""]",[],"[""Baseboard heaters"", ""Electric""]",1.0,,Single Family,[],"[""Municipal sewage system""]",,Single Family,"[""Attached Garage""]","[""Laminate""]","[""Attached Garage""]",[]
St. John's,47.485296,-52.817572,489900.0,3.0,3.0,2730.0,[],0.0,"[""Vinyl siding""]","[""Vinyl siding""]","[""Attached Garage""]",[],"[""Heat Pump""]",0.0,,Single Family,[],"[""Municipal sewage system""]",,Single Family,"[""Attached Garage""]","[""Mixed Flooring""]","[""Attached Garage""]",[]
Mount Pearl,47.517408,-52.804976,289900.0,5.0,2.0,2000.0,[],0.0,"[""Vinyl siding""]","[""Vinyl siding""]",[],Yes,"[""Oil"", ""Electric""]",0.0,,Single Family,[],"[""Municipal sewage system""]",,Single Family,[],"[""Mixed Flooring""]",[],[]
Mount Pearl,47.512186,-52.822478,349900.0,3.0,2.0,2088.0,[],1.0,"[""Vinyl siding""]","[""Vinyl siding""]",[],[],"[""Electric""]",1.0,,Single Family,[],"[""Municipal sewage system""]",,Single Family,[],"[""Hardwood"", ""Carpeted"", ""Other"", ""Mixed Flooring""]",[],[]
St. John's,47.503034,-52.835599,449900.0,3.0,3.0,2087.0,[],1.0,"[""Vinyl siding""]","[""Vinyl siding""]","[""Attached Garage"", ""Garage""]",[],"[""Baseboard heaters"", ""Electric""]",1.0,,Single Family,[],"[""Municipal sewage system""]",,Single Family,"[""Attached Garage"", ""Garage""]","[""Laminate"", ""Ceramic Tile""]","[""Attached Garage"", ""Garage""]",[]
St. John's,47.503085,-52.835487,459900.0,3.0,3.0,2121.0,[],1.0,"[""Vinyl siding""]","[""Vinyl siding""]","[""Attached Garage"", ""Garage""]",[],"[""Baseboard heaters"", ""Electric""]",1.0,,Single Family,[],"[""Municipal sewage system""]",,Single Family,"[""Attached Garage"", ""Garage""]","[""Laminate"", ""Ceramic Tile""]","[""Attached Garage"", ""Garage""]",[]
St. John's,47.502831,-52.836576,479900.0,3.0,3.0,2124.0,[],1.0,"[""Vinyl siding""]","[""Vinyl siding""]","[""Attached Garage"", ""Garage""]",[],"[""Baseboard heaters"", ""Electric""]",1.0,,Single Family,[],"[""Municipal sewage system""]",,Single Family,"[""Attached Garage"", ""Garage""]","[""Laminate"", ""Ceramic Tile""]","[""Attached Garage"", ""Garage""]",[]
St. John's,47.50286,-52.836865,479900.0,3.0,3.0,2108.0,[],1.0,"[""Vinyl siding""]","[""Vinyl siding""]","[""Attached Garage"", ""Garage""]",[],"[""Baseboard heaters"", ""Electric""]",1.0,,Single Family,[],"[""Municipal sewage system""]",,Single Family,"[""Attached Garage"", ""Garage""]","[""Laminate"", ""Ceramic Tile""]","[""Attached Garage"", ""Garage""]",[]
Mount Pearl,47.536712,-52.812684,1590000.0,,0.0,,,,[],[],[],[],,,,Vacant Land,[],"[""No sewage system""]",,Vacant Land,[],[],[],[]
St. John's,47.561292,-52.720581,279000.0,4.0,2.0,1800.0,[],0.0,"[""Vinyl siding""]","[""Vinyl siding""]",[],[],"[""Electric""]",0.0,,Single Family,[],"[""Municipal sewage system""]",,Single Family,[],"[""Laminate"", ""Mixed Flooring""]",[],[]
St. John's,47.536366,-52.767263,539900.0,5.0,4.0,3660.0,[],1.0,"[""Vinyl siding""]","[""Vinyl siding""]","[""Detached Garage"", ""Garage""]",[],"[""Baseboard heaters"", ""Electric""]",1.0,,Single Family,[],"[""Municipal sewage system""]",,Single Family,"[""Detached Garage"", ""Garage""]","[""Laminate"", ""Mixed Flooring""]","[""Detached Garage"", ""Garage""]",[]
St. John's,47.5686426,-52.7066592,349900.0,2.0,2.0,1022.0,,1.0,"[""Other""]","[""Other""]",[],[],"[""Baseboard heaters"", ""Electric""]",1.0,,Condo,,"[""Municipal sewage system""]",,Condo,[],"[""Hardwood"", ""Carpeted"", ""Other""]",[],[]
Paradise,47.531335,-52.866047,349900.0,,0.0,,,,[],[],[],[],,,,Vacant Land,[],"[""Municipal sewage system""]",,Vacant Land,[],[],[],[]
Paradise,44.896853,-65.219182,219900.0,5.0,1.0,2750.0,[],0.0,"[""Wood shingles"", ""Vinyl""]","[""Wood shingles"", ""Vinyl""]","[""Detached Garage"", ""Garage""]",[],[],0.0,,Single Family,[],"[""Unknown""]",,Single Family,"[""Detached Garage"", ""Garage""]","[""Linoleum"", ""Wood""]","[""Detached Garage"", ""Garage""]",[]
Paradise,44.8832043,-65.1791453,649900.0,4.0,2.0,2342.0,"[""None""]",0.0,"[""Vinyl""]","[""Vinyl""]","[""Attached Garage"", ""Garage"", ""Parking Space(s)"", ""Gravel""]",Yes,[],0.0,,Single Family,[],"[""Septic System""]",,Single Family,"[""Attached Garage"", ""Garage"", ""Parking Space(s)"", ""Gravel""]","[""Ceramic Tile"", ""Vinyl Plank""]","[""Attached Garage"", ""Garage"", ""Parking Space(s)"", ""Gravel""]",[]
St. John's,47.510524,-52.7944327,499900.0,5.0,4.0,2754.0,[],1.0,"[""Vinyl siding""]","[""Vinyl siding""]","[""Detached Garage""]",Yes,"[""Baseboard heaters"", ""Electric"", ""Propane""]",1.0,,Single Family,[],"[""Municipal sewage system""]",,Single Family,"[""Detached Garage""]","[""Hardwood"", ""Carpeted"", ""Ceramic Tile""]","[""Detached Garage""]","[""Insert"", ""Propane""]"
Paradise,47.5301346,-52.875898,469900.0,3.0,3.0,1542.0,[],0.0,"[""Vinyl siding""]","[""Vinyl siding""]","[""Attached Garage""]",[],"[""Heat Pump"", ""Baseboard heaters"", ""Electric""]",0.0,,Single Family,[],"[""Municipal sewage system""]",,Single Family,"[""Attached Garage""]","[""Hardwood"", ""Ceramic Tile""]","[""Attached Garage""]",[]
St. John's,47.5110343,-52.7977655,529900.0,4.0,3.0,2148.0,[],0.0,"[""Vinyl siding""]","[""Vinyl siding""]",[],[],"[""Heat Pump""]",0.0,,Single Family,[],"[""Municipal sewage system""]",,Single Family,[],"[""Laminate"", ""Ceramic Tile""]",[],[]
St. John's,47.554933,-52.751268,369900.0,3.0,2.0,1240.0,[],0.0,"[""Vinyl siding""]","[""Vinyl siding""]",[],[],"[""Electric""]",0.0,,Single Family,[],"[""Municipal sewage system""]",,Single Family,[],"[""Laminate"", ""Carpeted"", ""Other"", ""Mixed Flooring""]",[],[]
Paradise,47.552074,-52.88683,499900.0,5.0,3.0,1855.0,[],0.0,"[""Vinyl siding""]","[""Vinyl siding""]","[""Attached Garage"", ""Garage""]",[],"[""Baseboard heaters"", ""Electric""]",0.0,,Single Family,[],"[""Municipal sewage system""]",,Single Family,"[""Attached Garage"", ""Garage""]","[""Laminate"", ""Mixed Flooring""]","[""Attached Garage"", ""Garage""]",[]
Paradise,47.524179,-52.888266,669000.0,3.0,3.0,2990.0,[],1.0,"[""Vinyl siding""]","[""Vinyl siding""]","[""Attached Garage""]",[],"[""Baseboard heaters"", ""Electric""]",1.0,,Single Family,[],"[""Municipal sewage system""]",,Single Family,"[""Attached Garage""]","[""Laminate""]","[""Attached Garage""]",[]
St. John's,47.564228,-52.711355,219900.0,3.0,1.0,1144.0,[],0.0,"[""Vinyl siding""]","[""Vinyl siding""]",[],[],"[""Baseboard heaters"", ""Electric""]",0.0,,Single Family,[],"[""Municipal sewage system""]",,Single Family,[],"[""Laminate"", ""Carpeted"", ""Other""]",[],[]
St. John's,47.565206,-52.720498,199900.0,3.0,1.0,1288.0,[],0.0,"[""Wood shingles"", ""Vinyl siding""]","[""Wood shingles"", ""Vinyl siding""]",[],[],"[""Electric""]",0.0,,Single Family,[],"[""Municipal sewage system""]",,Single Family,[],"[""Laminate"", ""Carpeted"", ""Mixed Flooring""]",[],[]
Paradise,47.558032,-52.891018,489900.0,5.0,4.0,2326.0,[],1.0,"[""Vinyl siding""]","[""Vinyl siding""]","[""Detached Garage""]",[],"[""Electric""]",1.0,,Single Family,[],"[""Municipal sewage system""]",,Single Family,"[""Detached Garage""]","[""Hardwood"", ""Laminate"", ""Ceramic Tile""]","[""Detached Garage""]",[]
Mount Pearl,47.502623,-52.804908,319900.0,5.0,2.0,2064.0,[],0.0,"[""Vinyl siding""]","[""Vinyl siding""]","[""Detached Garage""]",[],"[""Electric""]",0.0,,Single Family,[],"[""Municipal sewage system""]",,Single Family,"[""Detached Garage""]","[""Laminate"", ""Other""]","[""Detached Garage""]",[]
St. John's,47.554821,-52.730937,325000.0,4.0,4.0,1871.0,[],1.0,"[""Vinyl siding""]","[""Vinyl siding""]",[],[],"[""Baseboard heaters"", ""Electric""]",1.0,,Single Family,[],"[""Municipal sewage system""]",,Single Family,[],"[""Laminate"", ""Ceramic Tile""]",[],[]
St. John's,47.614308,-52.725422,259900.0,2.0,1.0,810.0,[],0.0,"[""Vinyl siding""]","[""Vinyl siding""]",[],[],"[""Baseboard heaters"", ""Electric""]",0.0,,Single Family,[],"[""Municipal sewage system""]",,Single Family,[],"[""Mixed Flooring""]",[],[]
St. John's,47.495372,-52.79771,559900.0,2.0,2.0,2508.0,[],0.0,"[""Vinyl siding""]","[""Vinyl siding""]","[""Garage""]",[],"[""Baseboard heaters"", ""Electric""]",0.0,,Single Family,[],"[""Municipal sewage system""]",,Single Family,"[""Garage""]","[""Laminate"", ""Other""]","[""Garage""]",[]
Paradise,47.550681,-52.892709,424900.0,2.0,2.0,1884.0,[],0.0,"[""Vinyl siding""]","[""Vinyl siding""]",[],[],"[""Baseboard heaters"", ""Electric""]",0.0,,Single Family,[],"[""Municipal sewage system""]",,Single Family,[],"[""Mixed Flooring""]",[],[]
Paradise,47.551099,-52.891441,549900.0,3.0,3.0,2824.0,[],1.0,"[""Vinyl siding""]","[""Vinyl siding""]","[""Attached Garage""]",[],"[""Baseboard heaters"", ""Electric""]",1.0,,Single Family,[],"[""Municipal sewage system""]",,Single Family,"[""Attached Garage""]","[""Mixed Flooring""]","[""Attached Garage""]",[]
Mount Pearl,47.517822,-52.786895,379900.0,4.0,4.0,2339.0,[],1.0,"[""Vinyl siding""]","[""Vinyl siding""]",[],Yes,"[""Baseboard heaters"", ""Electric""]",1.0,,Single Family,[],"[""Municipal sewage system""]",,Single Family,[],"[""Hardwood"", ""Ceramic Tile"", ""Mixed Flooring""]",[],[]
St. John's,47.566909,-52.721834,219000.0,3.0,1.0,1440.0,[],0.0,"[""Vinyl siding""]","[""Vinyl siding""]",[],[],"[""Electric""]",0.0,,Single Family,[],"[""Municipal sewage system""]",,Single Family,[],"[""Hardwood"", ""Other"", ""Mixed Flooring""]",[],[]
St. John's,47.558936,-52.750112,329900.0,5.0,2.0,2400.0,[],0.0,"[""Vinyl siding""]","[""Vinyl siding""]",[],[],"[""Oil"", ""Electric""]",0.0,,Single Family,[],"[""Municipal sewage system""]",,Single Family,[],"[""Hardwood"", ""Mixed Flooring""]",[],[]
"St. John's, NL",47.553595,-52.750026,275000.0,3.0,2.0,1950.0,[],0.0,"[""Vinyl siding""]","[""Vinyl siding""]",[],[],"[""Electric""]",0.0,,Single Family,[],"[""Municipal sewage system""]",,Single Family,[],"[""Laminate"", ""Carpeted"", ""Mixed Flooring""]",[],[]
St. John's,47.5704062,-52.7001055,359900.0,2.0,2.0,1200.0,,1.0,"[""Brick""]","[""Brick""]","[""Underground"", ""Parking Space(s)""]",Yes,"[""Baseboard heaters""]",1.0,,Condo,,"[""Municipal sewage system""]",,Condo,"[""Underground"", ""Parking Space(s)""]","[""Hardwood"", ""Ceramic Tile""]","[""Underground"", ""Parking Space(s)""]",[]
Paradise,47.5278611,-52.8544924,315000.0,2.0,2.0,1092.0,[],0.0,"[""Vinyl siding""]","[""Vinyl siding""]",[],Yes,"[""Electric""]",0.0,,Single Family,[],"[""Municipal sewage system""]",,Single Family,[],"[""Laminate"", ""Carpeted"", ""Other""]",[],[]
St. John's,47.534257,-52.765741,380000.0,3.0,3.0,2414.0,[],1.0,"[""Wood shingles"", ""Brick"", ""Vinyl siding""]","[""Wood shingles"", ""Brick"", ""Vinyl siding""]",[],Yes,"[""Baseboard heaters"", ""Electric"", ""Wood""]",1.0,,Single Family,[],"[""Municipal sewage system""]",,Single Family,[],"[""Hardwood"", ""Carpeted"", ""Other""]",[],[]
Paradise,47.540447,-52.834776,419900.0,5.0,2.0,2100.0,[],0.0,"[""Vinyl siding""]","[""Vinyl siding""]",[],[],"[""Baseboard heaters""]",0.0,,Single Family,[],"[""Municipal sewage system""]",,Single Family,[],"[""Hardwood"", ""Laminate"", ""Mixed Flooring""]",[],[]
St. John's,47.563459,-52.716099,209900.0,3.0,1.0,1350.0,[],0.0,"[""Vinyl siding""]","[""Vinyl siding""]",[],Yes,"[""Baseboard heaters"", ""Electric""]",0.0,,Single Family,[],"[""Municipal sewage system""]",,Single Family,[],"[""Laminate""]",[],[]
St. John's,47.570466,-52.698676,439900.0,2.0,2.0,1566.0,,0.0,"[""Vinyl siding"", ""Other""]","[""Vinyl siding"", ""Other""]","[""Underground"", ""Parking Space(s)""]",[],"[""Electric""]",0.0,,Condo,,"[""Municipal sewage system""]",,Condo,"[""Underground"", ""Parking Space(s)""]","[""Laminate"", ""Mixed Flooring""]","[""Underground"", ""Parking Space(s)""]",[]
Ramara,44.5518409,-79.2170913,499000.0,3.0,2.0,,,1.0,"[""Aluminum siding""]","[""Aluminum siding""]","[""No Garage""]",Yes,"[""Baseboard heaters"", ""Electric""]",1.0,,Condo,,[],,Condo,"[""No Garage""]","[""Laminate""]","[""No Garage""]",[]
St. John's,47.539242,-52.737496,529900.0,5.0,5.0,1600.0,[],1.0,"[""Vinyl siding""]","[""Vinyl siding""]",[],Yes,"[""Electric""]",1.0,,Single Family,[],"[""Municipal sewage system""]",,Single Family,[],"[""Hardwood"", ""Laminate"", ""Mixed Flooring"", ""Concrete Slab""]",[],[]
St. John's,47.609237,-52.753546,429900.0,4.0,3.0,2454.0,[],1.0,"[""Vinyl siding""]","[""Vinyl siding""]",[],Yes,"[""Baseboard heaters"", ""Electric"", ""Wood""]",1.0,,Single Family,[],"[""Municipal sewage system""]",,Single Family,[],"[""Hardwood"", ""Laminate"", ""Mixed Flooring""]",[],"[""Wood"", ""Woodstove""]"
St. John's,47.551229,-52.745995,334900.0,4.0,2.0,1716.0,[],0.0,"[""Vinyl siding""]","[""Vinyl siding""]","[""Detached Garage"", ""Garage""]",[],"[""Electric""]",0.0,,Single Family,[],"[""Municipal sewage system""]",,Single Family,"[""Detached Garage"", ""Garage""]","[""Mixed Flooring""]","[""Detached Garage"", ""Garage""]",[]
St. John's,47.538032,-52.749443,289900.0,5.0,2.0,1872.0,[],0.0,"[""Vinyl siding""]","[""Vinyl siding""]",[],[],"[""Forced air"", ""Oil""]",0.0,,Single Family,[],"[""Municipal sewage system""]",,Single Family,[],"[""Hardwood"", ""Laminate"", ""Carpeted"", ""Other"", ""Mixed Flooring""]",[],[]
Paradise,47.5298353,-52.8716817,379900.0,3.0,4.0,1799.0,[],2.0,"[""Vinyl siding""]","[""Vinyl siding""]","[""Detached Garage""]",[],"[""Baseboard heaters"", ""Electric""]",2.0,,Single Family,[],"[""Municipal sewage system""]",,Single Family,"[""Detached Garage""]","[""Hardwood"", ""Carpeted"", ""Other"", ""Ceramic Tile"", ""Mixed Flooring""]","[""Detached Garage""]",[]
Torbay,47.669244,-52.7364693,325000.0,,0.0,,,,[],[],[],[],,,,Vacant Land,[],"[""No sewage system""]",,Vacant Land,[],[],[],[]
ST. JOHN'S,47.5670342,-52.7091757,649500.0,3.0,3.0,2312.0,,1.0,"[""Stone"", ""Concrete Block""]","[""Stone"", ""Concrete Block""]",[],Yes,"[""Hot water radiator heat"", ""Electric"", ""Propane""]",1.0,,Condo,,"[""Municipal sewage system""]",,Condo,[],"[""Hardwood"", ""Ceramic Tile""]",[],"[""Insert"", ""Propane""]"
St. John's,47.598796,-52.6876,250000.0,4.0,1.0,1669.0,[],0.0,"[""Vinyl siding""]","[""Vinyl siding""]",[],[],"[""Baseboard heaters"", ""Electric""]",0.0,,Single Family,[],"[""Municipal sewage system""]",,Single Family,[],"[""Hardwood"", ""Laminate"", ""Mixed Flooring""]",[],[]
Mount Pearl,47.533295,-52.811599,469900.0,3.0,2.0,1980.0,[],0.0,"[""Vinyl siding""]","[""Vinyl siding""]","[""Garage""]",[],"[""Electric""]",0.0,,Single Family,[],"[""Municipal sewage system""]",,Single Family,"[""Garage""]","[""Laminate"", ""Ceramic Tile""]","[""Garage""]",[]
Paradise,44.863352,-65.205567,394500.0,3.0,1.0,2402.0,"Partially finished, Full",0.0,Wood siding,Wood siding,Gravel,,,0.0,,Single Family,,Septic System,,Single Family,Gravel,"Concrete, Carpeted, Vinyl, Vinyl Plank",Gravel,
St. John's,47.492619,-52.823558,629900.0,3.0,3.0,2820.0,,1.0,Vinyl siding,Vinyl siding,Attached Garage,Yes,Electric,1.0,,Single Family,,Municipal sewage system,,Single Family,Attached Garage,"Laminate, Ceramic Tile",Attached Garage,
Torbay,47.6515155,-52.7255997,399900.0,4.0,2.0,2609.0,[],0.0,"[""Vinyl siding""]","[""Vinyl siding""]",[],Yes,"[""Baseboard heaters"", ""Oil"", ""Electric""]",0.0,,Single Family,[],"[""Septic tank""]",,Single Family,[],"[""Hardwood"", ""Laminate"", ""Other"", ""Ceramic Tile""]",[],[]
St. John's,47.562134,-52.713581,157500.0,3.0,2.0,1500.0,[],1.0,"[""Vinyl siding""]","[""Vinyl siding""]",[],[],"[""Baseboard heaters"", ""Electric""]",1.0,,Single Family,[],"[""Municipal sewage system""]",,Single Family,[],"[""Laminate""]",[],[]
St. John's,47.551411,-52.713675,379900.0,3.0,2.0,2350.0,[],0.0,"[""Other""]","[""Other""]",[],Yes,"[""Baseboard heaters"", ""Electric"", ""Propane""]",0.0,,Single Family,[],"[""Municipal sewage system""]",,Single Family,[],"[""Hardwood"", ""Other"", ""Ceramic Tile""]",[],"[""Insert"", ""Propane""]"
St. John's,47.537186,-52.753959,235500.0,3.0,1.0,1509.0,[],0.0,"[""Vinyl siding""]","[""Vinyl siding""]",[],[],"[""Electric""]",0.0,,Single Family,[],"[""Municipal sewage system""]",,Single Family,[],"[""Laminate"", ""Carpeted"", ""Other""]",[],[]
St. John's,47.555102,-52.751312,371900.0,3.0,2.0,1424.0,[],0.0,"[""Vinyl siding""]","[""Vinyl siding""]",[],[],"[""Electric""]",0.0,,Single Family,[],"[""Municipal sewage system""]",,Single Family,[],"[""Laminate"", ""Carpeted"", ""Other"", ""Mixed Flooring""]",[],[]
Paradise,47.558735,-52.891359,1350000.0,,0.0,,,,[],[],[],[],,,,Vacant Land,[],[],,Vacant Land,[],[],[],[]
Torbay,47.68256,-52.724855,525000.0,3.0,2.0,2600.0,[],0.0,"[""Vinyl siding""]","[""Vinyl siding""]","[""Attached Garage""]",[],"[""Electric""]",0.0,,Single Family,[],"[""Septic tank""]",,Single Family,"[""Attached Garage""]","[""Laminate""]","[""Attached Garage""]",[]
ST. JOHN'S,47.494583,-52.816586,429900.0,4.0,3.0,2184.0,[],0.0,"[""Vinyl siding""]","[""Vinyl siding""]",[],[],"[""Electric""]",0.0,,Single Family,[],"[""Municipal sewage system""]",,Single Family,[],"[""Hardwood"", ""Laminate"", ""Mixed Flooring""]",[],[]
Paradise,47.540373,-52.840806,319900.0,4.0,2.0,1750.0,[],1.0,"[""Vinyl siding""]","[""Vinyl siding""]",[],[],"[""Electric""]",1.0,,Single Family,[],"[""Municipal sewage system""]",,Single Family,[],"[""Laminate""]",[],[]
Paradise,47.548531,-52.8829,350000.0,,0.0,,,,[],[],[],[],,,,Vacant Land,[],"[""No sewage system""]",,Vacant Land,[],[],[],[]
Paradise,47.5540007,-52.8985483,424000.0,5.0,4.0,2488.0,[],1.0,"[""Vinyl siding""]","[""Vinyl siding""]",[],[],"[""Electric""]",1.0,,Single Family,[],"[""Municipal sewage system""]",,Single Family,[],"[""Laminate"", ""Other""]",[],[]
Mount Pearl,47.510247,-52.811117,359900.0,4.0,2.0,2395.0,[],0.0,"[""Vinyl siding""]","[""Vinyl siding""]",[],Yes,"[""Electric""]",0.0,,Single Family,[],"[""Municipal sewage system""]",,Single Family,[],"[""Laminate"", ""Carpeted""]",[],"[""Insert"", ""Propane""]"
St. John's,47.6204209,-52.7002756,545000.0,4.0,4.0,2757.0,[],1.0,"[""Vinyl siding""]","[""Vinyl siding""]","[""Garage""]",[],"[""Baseboard heaters"", ""Electric""]",1.0,,Single Family,[],"[""Municipal sewage system""]",,Single Family,"[""Garage""]","[""Hardwood"", ""Laminate"", ""Mixed Flooring""]","[""Garage""]",[]
St. John's,47.560677,-52.724238,299900.0,4.0,1.0,2400.0,[],0.0,"[""Vinyl siding""]","[""Vinyl siding""]","[""Detached Garage"", ""Garage""]",Yes,"[""Hot water radiator heat"", ""Baseboard heaters"", ""Radiant heat""]",0.0,,Single Family,[],"[""Municipal sewage system""]",,Single Family,"[""Detached Garage"", ""Garage""]","[""Hardwood"", ""Other""]","[""Detached Garage"", ""Garage""]","[""Insert"", ""Propane""]"
Paradise,47.5278663,-52.9059482,389900.0,3.0,1.0,2880.0,[],0.0,"[""Vinyl siding""]","[""Vinyl siding""]","[""Detached Garage""]",[],"[""Electric""]",0.0,,Single Family,[],"[""Septic tank""]",,Single Family,"[""Detached Garage""]","[""Laminate"", ""Other""]","[""Detached Garage""]",[]
St. John's,47.470378,-52.783034,395000.0,3.0,2.0,2720.0,[],1.0,"[""Wood shingles""]","[""Wood shingles""]","[""Detached Garage""]",Yes,"[""Baseboard heaters"", ""Propane""]",1.0,,Single Family,[],"[""Septic tank""]",,Single Family,"[""Detached Garage""]","[""Laminate"", ""Other""]","[""Detached Garage""]",[]
St. John's,47.4946494,-52.7995283,579900.0,3.0,3.0,2771.0,[],1.0,"[""Vinyl siding""]","[""Vinyl siding""]","[""Attached Garage""]",[],"[""Baseboard heaters"", ""Electric""]",1.0,,Single Family,[],"[""Municipal sewage system""]",,Single Family,"[""Attached Garage""]","[""Laminate"", ""Carpeted"", ""Ceramic Tile""]","[""Attached Garage""]",[]
Paradise,47.527895,-52.888679,359900.0,4.0,2.0,1990.0,[],0.0,"[""Wood shingles"", ""Vinyl siding""]","[""Wood shingles"", ""Vinyl siding""]","[""Attached Garage"", ""Garage""]",Yes,"[""Electric"", ""Propane""]",0.0,,Single Family,[],"[""Municipal sewage system""]",,Single Family,"[""Attached Garage"", ""Garage""]","[""Mixed Flooring""]","[""Attached Garage"", ""Garage""]",[]
St. John's,47.532276,-52.77656,484500.0,4.0,3.0,3414.0,[],1.0,"[""Vinyl siding""]","[""Vinyl siding""]",[],Yes,"[""Electric"", ""Propane""]",1.0,,Single Family,[],"[""Municipal sewage system""]",,Single Family,[],"[""Hardwood"", ""Laminate"", ""Carpeted"", ""Ceramic Tile""]",[],[]
St. John's,47.56597,-52.772044,299900.0,4.0,4.0,1990.0,[],1.0,"[""Vinyl siding""]","[""Vinyl siding""]",[],[],"[""Electric""]",1.0,,Single Family,[],"[""Municipal sewage system""]",,Single Family,[],"[""Mixed Flooring""]",[],[]
St. John's,47.6127835,-52.6793284,429900.0,,0.0,,,,[],[],[],[],,,,Vacant Land,[],"[""No sewage system""]",,Vacant Land,[],[],[],[]
St. John's,47.561941,-52.761249,319900.0,4.0,2.0,1710.0,[],1.0,"[""Wood shingles"", ""Vinyl siding""]","[""Wood shingles"", ""Vinyl siding""]",[],[],"[""Electric""]",1.0,,Single Family,[],"[""Municipal sewage system""]",,Single Family,[],"[""Hardwood"", ""Laminate"", ""Carpeted""]",[],[]
St. John's,47.5674876,-52.7050225,589000.0,,0.0,,,,[],[],[],[],,,,Vacant Land,[],"[""No sewage system""]",,Vacant Land,[],[],[],[]
St. John's,47.570091,-52.703933,389000.0,3.0,2.0,1800.0,[],0.0,"[""Vinyl siding""]","[""Vinyl siding""]",[],[],"[""Baseboard heaters"", ""Electric""]",0.0,,Single Family,[],"[""Municipal sewage system""]",,Single Family,[],"[""Hardwood"", ""Laminate"", ""Other""]",[],[]
St. John's,47.559065,-52.716406,229900.0,3.0,1.0,1147.0,[],0.0,"[""Vinyl siding"", ""Other""]","[""Vinyl siding"", ""Other""]",[],[],"[""Baseboard heaters"", ""Electric""]",0.0,,Single Family,[],"[""Municipal sewage system""]",,Single Family,[],"[""Hardwood"", ""Ceramic Tile""]",[],[]
ST. JOHN'S,47.574098,-52.715168,629500.0,3.0,3.0,2480.0,[],0.0,"[""Vinyl siding""]","[""Vinyl siding""]","[""Attached Garage"", ""Garage""]",Yes,"[""Baseboard heaters"", ""Electric""]",0.0,,Single Family,[],"[""Municipal sewage system""]",,Single Family,"[""Attached Garage"", ""Garage""]","[""Hardwood"", ""Ceramic Tile"", ""Mixed Flooring""]","[""Attached Garage"", ""Garage""]","[""Insert"", ""Propane""]"
Torbay,47.653918,-52.7290382,389900.0,4.0,3.0,2600.0,[],0.0,"[""Vinyl siding""]","[""Vinyl siding""]","[""Detached Garage""]",Yes,"[""Electric""]",0.0,,Single Family,[],"[""Municipal sewage system""]",,Single Family,"[""Detached Garage""]","[""Laminate"", ""Other""]","[""Detached Garage""]",[]
St. John's,47.469997,-52.783741,220000.0,,0.0,,,,[],[],[],[],,,,Vacant Land,[],"[""No sewage system""]",,Vacant Land,[],[],[],[]
Paradise,47.5051967,-52.8959436,1149000.0,3.0,4.0,2013.0,[],1.0,[],[],"[""Attached Garage"", ""Garage""]",Yes,"[""Baseboard heaters""]",1.0,,Single Family,[],"[""Septic tank""]",,Single Family,"[""Attached Garage"", ""Garage""]","[""Carpeted"", ""Ceramic Tile"", ""Mixed Flooring""]","[""Attached Garage"", ""Garage""]",[]
St. John's,47.564971,-52.717805,149900.0,4.0,2.0,1500.0,[],0.0,"[""Vinyl siding"", ""Other""]","[""Vinyl siding"", ""Other""]",[],[],"[""Baseboard heaters"", ""Electric""]",0.0,,Single Family,[],"[""Municipal sewage system""]",,Single Family,[],"[""Hardwood"", ""Mixed Flooring""]",[],[]
St. John's,47.540265,-52.749504,399900.0,4.0,2.0,1850.0,[],0.0,"[""Vinyl siding""]","[""Vinyl siding""]",[],[],"[""Baseboard heaters"", ""Electric""]",0.0,,Single Family,[],"[""Municipal sewage system""]",,Single Family,[],"[""Laminate"", ""Ceramic Tile"", ""Mixed Flooring""]",[],[]
St. John's,47.563881,-52.715368,379900.0,3.0,2.0,2097.0,[],1.0,"[""Other""]","[""Other""]",[],Yes,"[""Hot water radiator heat"", ""Oil"", ""Electric""]",1.0,,Single Family,[],"[""Municipal sewage system""]",,Single Family,[],"[""Hardwood"", ""Mixed Flooring""]",[],[]
St. John's,47.587817,-52.717884,379900.0,2.0,2.0,1132.0,[],0.0,"[""Brick"", ""Vinyl siding""]","[""Brick"", ""Vinyl siding""]",[],Yes,"[""Electric""]",0.0,,Single Family,[],"[""Municipal sewage system""]",,Single Family,[],"[""Hardwood"", ""Mixed Flooring""]",[],[]
Mount Pearl,47.506422,-52.809411,299900.0,4.0,2.0,1680.0,[],1.0,"[""Vinyl siding""]","[""Vinyl siding""]",[],[],"[""Electric""]",1.0,,Single Family,[],"[""Municipal sewage system""]",,Single Family,[],"[""Laminate""]",[],[]
Mount Pearl,47.532126,-52.801662,449900.0,5.0,2.0,1712.0,[],0.0,"[""Vinyl siding""]","[""Vinyl siding""]",[],[],"[""Electric""]",0.0,,Single Family,[],"[""Municipal sewage system""]",,Single Family,[],"[""Mixed Flooring""]",[],[]
Paradise,47.5214955,-52.9132863,719900.0,4.0,3.0,3000.0,[],1.0,"[""Brick"", ""Vinyl siding""]","[""Brick"", ""Vinyl siding""]","[""Attached Garage"", ""Detached Garage"", ""Garage""]",Yes,"[""Heat Pump"", ""Forced air"", ""Wood""]",1.0,,Single Family,[],"[""Septic tank""]",,Single Family,"[""Attached Garage"", ""Detached Garage"", ""Garage""]","[""Hardwood"", ""Laminate"", ""Ceramic Tile""]","[""Attached Garage"", ""Detached Garage"", ""Garage""]","[""Wood"", ""Woodstove""]"
St. John's,47.580485,-52.681953,439900.0,3.0,3.0,2400.0,[],1.0,"[""Vinyl siding""]","[""Vinyl siding""]","[""Attached Garage""]",[],"[""Baseboard heaters"", ""Electric""]",1.0,,Single Family,[],"[""Municipal sewage system""]",,Single Family,"[""Attached Garage""]","[""Hardwood"", ""Ceramic Tile""]","[""Attached Garage""]",[]
St. John's,47.570199,-52.691879,299000.0,2.0,1.0,900.0,,0.0,Vinyl siding,Vinyl siding,Vinyl siding,,"Baseboard heaters, Electric",0.0,,Single Family,,Municipal sewage system,,Single Family,,Hardwood,,
St. John's,47.530565,-52.766357,385000.0,5.0,3.0,2310.0,[],1.0,"[""Vinyl siding""]","[""Vinyl siding""]","[""Garage""]",[],"[""Electric""]",1.0,,Single Family,[],"[""Municipal sewage system""]",,Single Family,"[""Garage""]","[""Laminate"", ""Carpeted""]","[""Garage""]",[]
Ramara,44.5508652,-79.218071,510000.0,3.0,2.0,,,1.0,"Stucco, Vinyl siding","Stucco, Vinyl siding",Insert,Yes,"Heat Pump, Electric",1.0,,Condo,,,,Condo,,"Laminate, Carpeted",,Insert
St. John's,47.5640789,-52.719868,350000.0,2.0,2.0,1699.0,,0.0,"[""Vinyl siding""]","[""Vinyl siding""]",[],[],"[""Baseboard heaters"", ""Electric""]",0.0,,Condo,,"[""Municipal sewage system""]",,Condo,[],"[""Hardwood"", ""Ceramic Tile""]",[],[]
St. John's,47.5691312,-52.7192813,375000.0,2.0,2.0,1059.0,,0.0,"[""Brick""]","[""Brick""]","[""Garage"", ""Other""]",[],"[""Electric""]",0.0,,Condo,,"[""Municipal sewage system""]",,Condo,"[""Garage"", ""Other""]","[""Laminate""]","[""Garage"", ""Other""]",[]
St. John's,47.561576,-52.72032,269000.0,3.0,2.0,1425.0,[],1.0,"[""Vinyl siding""]","[""Vinyl siding""]",[],[],"[""Baseboard heaters"", ""Electric""]",1.0,,Single Family,[],"[""Municipal sewage system""]",,Single Family,[],"[""Hardwood"", ""Laminate"", ""Mixed Flooring""]",[],[]
St. John's,47.5710479,-52.6988787,949000.0,2.0,2.0,1500.0,,0.0,"[""Brick"", ""Other""]","[""Brick"", ""Other""]","[""Underground"", ""Parking Space(s)""]",[],"[""Electric""]",0.0,,Condo,,"[""Municipal sewage system""]",,Condo,"[""Underground"", ""Parking Space(s)""]","[""Hardwood"", ""Ceramic Tile""]","[""Underground"", ""Parking Space(s)""]",[]
St. John's,47.570646,-52.698589,475000.0,2.0,2.0,1387.0,,0.0,"[""Aluminum siding"", ""Vinyl siding""]","[""Aluminum siding"", ""Vinyl siding""]","[""Underground""]",[],"[""Baseboard heaters"", ""Electric""]",0.0,,Condo,,"[""Municipal sewage system""]",,Condo,"[""Underground""]","[""Laminate"", ""Ceramic Tile""]","[""Underground""]",[]
St. John's,47.547146,-52.756328,559900.0,4.0,4.0,2152.0,[],1.0,"[""Vinyl siding""]","[""Vinyl siding""]","[""Garage""]",[],"[""Baseboard heaters"", ""Electric""]",1.0,,Single Family,[],"[""Municipal sewage system""]",,Single Family,"[""Garage""]","[""Mixed Flooring""]","[""Garage""]",[]
Torbay,47.63857,-52.76344,625000.0,3.0,3.0,2794.0,[],1.0,"[""Wood shingles""]","[""Wood shingles""]","[""Attached Garage""]",[],"[""Electric""]",1.0,,Single Family,[],"[""Septic tank""]",,Single Family,"[""Attached Garage""]","[""Mixed Flooring""]","[""Attached Garage""]",[]
St. John's,47.567988,-52.722488,209500.0,4.0,1.0,1618.0,[],0.0,"[""Vinyl siding""]","[""Vinyl siding""]",[],[],"[""Hot water radiator heat"", ""Radiant heat"", ""Oil""]",0.0,,Single Family,[],"[""Municipal sewage system""]",,Single Family,[],"[""Laminate"", ""Mixed Flooring""]",[],[]
St. John's,47.5118471,-52.7778021,175000.0,,0.0,,,,[],[],[],[],,,,Vacant Land,[],"[""Septic tank""]",,Vacant Land,[],[],[],[]
Mount Pearl,47.527266,-52.800824,239900.0,3.0,1.0,1506.0,[],0.0,"[""Vinyl siding""]","[""Vinyl siding""]",[],[],"[""Baseboard heaters"", ""Electric""]",0.0,,Single Family,[],"[""Municipal sewage system""]",,Single Family,[],"[""Laminate"", ""Mixed Flooring""]",[],[]
Mount Pearl,47.520516,-52.808972,269900.0,5.0,2.0,2016.0,[],0.0,"[""Vinyl siding""]","[""Vinyl siding""]",[],[],"[""Forced air"", ""Oil""]",0.0,,Single Family,[],"[""Municipal sewage system""]",,Single Family,[],"[""Mixed Flooring""]",[],[]
Paradise,47.5443109,-52.8844951,224900.0,3.0,1.0,1133.0,[],0.0,"[""Vinyl siding""]","[""Vinyl siding""]",[],[],"[""Baseboard heaters"", ""Electric""]",0.0,,Single Family,[],"[""Municipal sewage system""]",,Single Family,[],"[""Laminate"", ""Other""]",[],[]
ST. JOHN'S,47.570138,-52.719377,450000.0,5.0,3.0,3633.0,[],2.0,"[""Stone"", ""Aluminum siding"", ""Vinyl siding""]","[""Stone"", ""Aluminum siding"", ""Vinyl siding""]","[""Detached Garage"", ""Garage""]",Yes,"[""Baseboard heaters"", ""Electric""]",2.0,,Single Family,[],"[""Municipal sewage system""]",,Single Family,"[""Detached Garage"", ""Garage""]","[""Laminate"", ""Carpeted""]","[""Detached Garage"", ""Garage""]","[""Wood"", ""Woodstove""]"
St. John's,47.519822,-52.767693,175000.0,3.0,1.0,1200.0,[],0.0,"[""Vinyl siding""]","[""Vinyl siding""]",[],[],"[""No heat""]",0.0,,Single Family,[],"[""Municipal sewage system""]",,Single Family,[],"[""Mixed Flooring""]",[],[]
Torbay,47.656778,-52.710739,205000.0,,0.0,,,,[],[],[],[],,,,Vacant Land,[],"[""No sewage system""]",,Vacant Land,[],[],[],[]
Torbay,47.6334946,-52.7261357,145000.0,,0.0,,,,[],[],[],[],,,,Vacant Land,[],"[""No sewage system""]",,Vacant Land,[],[],[],[]
St. John's,47.6085973,-52.7626293,469900.0,5.0,3.0,2680.0,[],0.0,"[""Vinyl siding""]","[""Vinyl siding""]","[""Attached Garage"", ""Garage""]",[],"[""Electric""]",0.0,,Single Family,[],"[""Municipal sewage system""]",,Single Family,"[""Attached Garage"", ""Garage""]","[""Hardwood"", ""Carpeted"", ""Ceramic Tile"", ""Mixed Flooring""]","[""Attached Garage"", ""Garage""]",[]
St. John's,47.54745,-52.756216,549900.0,5.0,4.0,2059.0,[],1.0,"[""Vinyl siding""]","[""Vinyl siding""]",[],[],"[""Electric""]",1.0,,Single Family,[],"[""Municipal sewage system""]",,Single Family,[],"[""Mixed Flooring""]",[],[]
St. John's,47.554854,-52.750759,349900.0,3.0,3.0,1310.0,[],1.0,"[""Vinyl siding""]","[""Vinyl siding""]",[],[],"[""Electric""]",1.0,,Single Family,[],"[""Municipal sewage system""]",,Single Family,[],"[""Laminate"", ""Carpeted"", ""Other"", ""Mixed Flooring""]",[],[]
Mount Pearl,47.525933,-52.809359,349900.0,4.0,3.0,1826.0,[],1.0,"[""Wood shingles"", ""Vinyl siding""]","[""Wood shingles"", ""Vinyl siding""]",[],[],"[""Baseboard heaters"", ""Electric""]",1.0,,Single Family,[],"[""Municipal sewage system""]",,Single Family,[],"[""Hardwood"", ""Laminate"", ""Ceramic Tile""]",[],[]
St. John's,47.563774,-52.715405,219900.0,3.0,2.0,1530.0,[],0.0,"[""Vinyl siding""]","[""Vinyl siding""]",[],[],"[""Baseboard heaters"", ""Electric""]",0.0,,Single Family,[],"[""Municipal sewage system""]",,Single Family,[],"[""Mixed Flooring""]",[],[]
St. John's,47.5670783,-52.7091278,779900.0,2.0,3.0,2111.0,,1.0,"[""Brick"", ""Other""]","[""Brick"", ""Other""]",[],Yes,"[""Hot water radiator heat"", ""Electric""]",1.0,,Condo,,"[""Municipal sewage system""]",,Condo,[],"[""Hardwood"", ""Ceramic Tile"", ""Mixed Flooring""]",[],"[""Insert"", ""Propane""]"
St. John's,47.49526,-52.82697,694900.0,3.0,3.0,3126.0,[],1.0,"[""Vinyl siding""]","[""Vinyl siding""]","[""Attached Garage"", ""Garage""]",Yes,"[""Heat Pump"", ""Baseboard heaters"", ""Electric""]",1.0,,Single Family,[],"[""Municipal sewage system""]",,Single Family,"[""Attached Garage"", ""Garage""]","[""Laminate""]","[""Attached Garage"", ""Garage""]",[]
Torbay,47.674672,-52.725606,99900.0,,0.0,,,,[],[],[],[],,,,Vacant Land,[],"[""No sewage system""]",,Vacant Land,[],[],[],[]
Paradise,47.5426186,-52.9020691,449000.0,3.0,3.0,3085.0,[],1.0,"[""Vinyl siding""]","[""Vinyl siding""]","[""Attached Garage""]",Yes,"[""Electric""]",1.0,,Single Family,[],"[""Municipal sewage system""]",,Single Family,"[""Attached Garage""]","[""Hardwood"", ""Mixed Flooring""]","[""Attached Garage""]","[""Insert"", ""Propane""]"
St. John's,47.589652,-52.689319,800000.0,4.0,3.0,3669.0,[],1.0,"[""Vinyl siding""]","[""Vinyl siding""]","[""Attached Garage""]",Yes,"[""Hot water radiator heat"", ""Radiant heat"", ""Propane""]",1.0,,Single Family,[],"[""Municipal sewage system""]",,Single Family,"[""Attached Garage""]","[""Hardwood"", ""Ceramic Tile""]","[""Attached Garage""]",[]
St. John's,47.604758,-52.750754,449900.0,4.0,2.0,2196.0,[],0.0,"[""Vinyl siding""]","[""Vinyl siding""]","[""Attached Garage"", ""Detached Garage""]",[],"[""Heat Pump"", ""Electric""]",0.0,,Single Family,[],"[""Municipal sewage system""]",,Single Family,"[""Attached Garage"", ""Detached Garage""]","[""Hardwood"", ""Laminate"", ""Ceramic Tile"", ""Mixed Flooring""]","[""Attached Garage"", ""Detached Garage""]",[]
St. John's,47.56287,-52.71621,324900.0,3.0,2.0,1528.0,[],1.0,"[""Vinyl siding""]","[""Vinyl siding""]",[],Yes,"[""Baseboard heaters"", ""Electric""]",1.0,,Single Family,[],"[""Municipal sewage system""]",,Single Family,[],"[""Mixed Flooring""]",[],"[""Insert"", ""Propane""]"
St. John's,47.5443683,-52.8005689,499000.0,4.0,4.0,2460.0,[],1.0,"[""Vinyl siding""]","[""Vinyl siding""]","[""Detached Garage""]",[],"[""Baseboard heaters"", ""Electric""]",1.0,,Single Family,[],"[""Municipal sewage system""]",,Single Family,"[""Detached Garage""]","[""Laminate"", ""Other"", ""Mixed Flooring""]","[""Detached Garage""]",[]
Paradise,47.538885,-52.889867,595000.0,5.0,4.0,3250.0,[],1.0,"[""Vinyl siding""]","[""Vinyl siding""]","[""Attached Garage""]",Yes,"[""Electric"", ""Wood""]",1.0,,Single Family,[],"[""Municipal sewage system""]",,Single Family,"[""Attached Garage""]","[""Laminate"", ""Carpeted"", ""Ceramic Tile"", ""Mixed Flooring""]","[""Attached Garage""]",[]
St. John's,47.4951931,-52.7973591,749900.0,3.0,3.0,3888.0,[],1.0,"[""Vinyl siding""]","[""Vinyl siding""]","[""Attached Garage"", ""Garage""]",Yes,"[""Baseboard heaters"", ""Electric""]",1.0,,Single Family,[],"[""Municipal sewage system""]",,Single Family,"[""Attached Garage"", ""Garage""]","[""Laminate""]","[""Attached Garage"", ""Garage""]","[""Insert"", ""Propane""]"
St. John's,47.552451,-52.721529,599900.0,2.0,2.0,1173.0,,0.0,"[""Other""]","[""Other""]",[],[],"[""Electric""]",0.0,,Condo,,"[""Municipal sewage system""]",,Condo,[],"[""Laminate"", ""Ceramic Tile"", ""Mixed Flooring""]",[],[]
St. John's,47.571027,-52.713893,199900.0,3.0,2.0,1575.0,[],0.0,"[""Vinyl siding""]","[""Vinyl siding""]",[],[],"[""Electric""]",0.0,,Single Family,[],"[""Municipal sewage system""]",,Single Family,[],"[""Mixed Flooring""]",[],[]
St. John's,47.538461,-52.758343,350000.0,5.0,4.0,2720.0,[],1.0,"[""Wood shingles"", ""Vinyl siding""]","[""Wood shingles"", ""Vinyl siding""]",[],[],"[""Baseboard heaters"", ""Electric""]",1.0,,Single Family,[],"[""Municipal sewage system""]",,Single Family,[],"[""Hardwood"", ""Laminate"", ""Ceramic Tile""]",[],[]
St. John's,47.486102,-52.818076,569000.0,4.0,4.0,2794.0,,1.0,"Stone, Vinyl siding","Stone, Vinyl siding","Attached Garage, Garage",Yes,"Baseboard heaters, Electric, Propane",1.0,,Single Family,,Municipal sewage system,,Single Family,"Attached Garage, Garage","Hardwood, Laminate, Ceramic Tile","Attached Garage, Garage",
St. John's,47.528553,-52.761374,329900.0,4.0,3.0,2421.0,[],2.0,"[""Vinyl siding""]","[""Vinyl siding""]","[""Garage""]",[],"[""Hot water radiator heat"", ""Oil""]",2.0,,Single Family,[],"[""Municipal sewage system""]",,Single Family,"[""Garage""]","[""Carpeted"", ""Other"", ""Mixed Flooring""]","[""Garage""]",[]
St. John's,47.494833,-52.799613,699900.0,4.0,3.0,3178.0,[],1.0,"[""Vinyl siding""]","[""Vinyl siding""]","[""Attached Garage"", ""Garage""]",[],"[""Baseboard heaters"", ""Electric""]",1.0,,Single Family,[],"[""Municipal sewage system""]",,Single Family,"[""Attached Garage"", ""Garage""]","[""Laminate""]","[""Attached Garage"", ""Garage""]",[]
St. John's,47.585184,-52.6902636,439900.0,4.0,4.0,2162.0,,1.0,"[""Vinyl siding""]","[""Vinyl siding""]",[],[],"[""Baseboard heaters"", ""Electric""]",1.0,,Condo,,"[""Municipal sewage system""]",,Condo,[],"[""Hardwood"", ""Ceramic Tile"", ""Mixed Flooring""]",[],[]
St. John's,47.579912,-52.716376,299900.0,3.0,2.0,2790.0,[],0.0,"[""Vinyl siding""]","[""Vinyl siding""]","[""Attached Garage""]",[],"[""Oil""]",0.0,,Single Family,[],"[""Municipal sewage system""]",,Single Family,"[""Attached Garage""]","[""Hardwood"", ""Mixed Flooring""]","[""Attached Garage""]",[]
St. John's,47.558456,-52.716278,264900.0,3.0,2.0,1200.0,[],1.0,"[""Vinyl siding""]","[""Vinyl siding""]",[],[],"[""Forced air"", ""Oil"", ""Electric""]",1.0,,Single Family,[],"[""Municipal sewage system""]",,Single Family,[],"[""Mixed Flooring""]",[],[]
St. John's,47.56436,-52.720515,264900.0,4.0,2.0,1667.0,[],0.0,"[""Wood""]","[""Wood""]",[],[],"[""Electric""]",0.0,,Single Family,[],"[""Municipal sewage system""]",,Single Family,[],"[""Mixed Flooring""]",[],[]
St. John's,47.5502784,-52.7826409,457500.0,,0.0,,,,[],[],[],[],,,,Vacant Land,[],"[""Municipal sewage system""]",,Vacant Land,[],[],[],[]
St. John's,47.562372,-52.71783,185000.0,4.0,1.0,1400.0,[],0.0,"[""Vinyl siding""]","[""Vinyl siding""]",[],[],"[""Baseboard heaters"", ""Electric""]",0.0,,Single Family,[],"[""Municipal sewage system""]",,Single Family,[],"[""Carpeted"", ""Mixed Flooring""]",[],[]
St. John's,47.4881762,-52.8186577,513900.0,5.0,4.0,2496.0,[],1.0,"[""Vinyl siding""]","[""Vinyl siding""]",[],[],"[""Baseboard heaters""]",1.0,,Single Family,[],"[""Municipal sewage system""]",,Single Family,[],"[""Hardwood"", ""Laminate""]",[],[]
St. John's,47.556975,-52.717975,145000.0,4.0,1.0,1400.0,[],0.0,"[""Vinyl siding""]","[""Vinyl siding""]",[],[],"[""Baseboard heaters"", ""Electric""]",0.0,,Single Family,[],"[""Municipal sewage system""]",,Single Family,[],"[""Carpeted"", ""Mixed Flooring""]",[],[]
St. John's,47.554329,-52.717128,280000.0,2.0,1.0,1115.0,[],0.0,"[""Vinyl siding""]","[""Vinyl siding""]",[],[],"[""Baseboard heaters"", ""Electric""]",0.0,,Single Family,[],"[""Municipal sewage system""]",,Single Family,[],"[""Laminate""]",[],[]
Torbay,47.6472592,-52.7454666,315000.0,4.0,2.0,2200.0,[],0.0,"[""Vinyl siding""]","[""Vinyl siding""]",[],[],"[""Baseboard heaters"", ""Electric""]",0.0,,Single Family,[],"[""Municipal sewage system""]",,Single Family,[],"[""Hardwood"", ""Laminate"", ""Other"", ""Mixed Flooring""]",[],[]
St. John's,47.555448,-52.750578,366900.0,3.0,2.0,1435.0,[],0.0,"[""Vinyl siding""]","[""Vinyl siding""]",[],[],"[""Electric""]",0.0,,Single Family,[],"[""Municipal sewage system""]",,Single Family,[],"[""Laminate"", ""Carpeted"", ""Other"", ""Mixed Flooring""]",[],[]
St. John's,47.5232378,-52.7482726,487500.0,3.0,3.0,2352.0,[],0.0,"[""Vinyl siding""]","[""Vinyl siding""]","[""Attached Garage""]",[],"[""Baseboard heaters""]",0.0,,Single Family,[],"[""Municipal sewage system""]",,Single Family,"[""Attached Garage""]","[""Laminate""]","[""Attached Garage""]",[]
Mount Pearl,47.532671,-52.814686,489500.0,4.0,3.0,2090.0,[],0.0,"[""Vinyl siding""]","[""Vinyl siding""]",[],[],"[""Baseboard heaters"", ""Electric""]",0.0,,Single Family,[],"[""Municipal sewage system""]",,Single Family,[],"[""Laminate"", ""Carpeted"", ""Ceramic Tile""]",[],[]
Mount Pearl,47.532104,-52.814199,434900.0,3.0,3.0,2046.0,[],1.0,"[""Vinyl siding""]","[""Vinyl siding""]",[],[],"[""Electric""]",1.0,,Single Family,[],"[""Municipal sewage system""]",,Single Family,[],"[""Laminate"", ""Ceramic Tile"", ""Mixed Flooring""]",[],[]
Paradise,47.551284,-52.887174,409900.0,2.0,2.0,2980.0,[],0.0,"[""Vinyl siding""]","[""Vinyl siding""]","[""Garage""]",[],"[""Baseboard heaters""]",0.0,,Single Family,[],"[""Municipal sewage system""]",,Single Family,"[""Garage""]","[""Mixed Flooring""]","[""Garage""]",[]
Paradise,47.551347,-52.887312,409900.0,2.0,2.0,2740.0,[],0.0,"[""Vinyl siding""]","[""Vinyl siding""]","[""Garage""]",[],"[""Baseboard heaters""]",0.0,,Single Family,[],"[""Municipal sewage system""]",,Single Family,"[""Garage""]","[""Mixed Flooring""]","[""Garage""]",[]
Paradise,47.528276,-52.9140914,976000.0,4.0,4.0,2903.0,[],1.0,"[""Vinyl siding""]","[""Vinyl siding""]","[""Attached Garage"", ""Detached Garage"", ""Garage""]",Yes,"[""Baseboard heaters"", ""Electric"", ""Propane""]",1.0,,Single Family,[],"[""Septic tank""]",,Single Family,"[""Attached Garage"", ""Detached Garage"", ""Garage""]","[""Hardwood"", ""Mixed Flooring""]","[""Attached Garage"", ""Detached Garage"", ""Garage""]",[]
St. John's,47.515641,-52.7523843,689900.0,3.0,3.0,3042.0,[],1.0,"[""Vinyl siding""]","[""Vinyl siding""]","[""Attached Garage"", ""Garage""]",[],"[""Baseboard heaters""]",1.0,,Single Family,[],"[""Municipal sewage system""]",,Single Family,"[""Attached Garage"", ""Garage""]","[""Laminate"", ""Mixed Flooring""]","[""Attached Garage"", ""Garage""]",[]
Paradise,47.551538,-52.889407,528000.0,3.0,3.0,2799.0,[],1.0,"[""Vinyl siding""]","[""Vinyl siding""]","[""Attached Garage""]",[],"[""Baseboard heaters"", ""Electric""]",1.0,,Single Family,[],"[""Municipal sewage system""]",,Single Family,"[""Attached Garage""]","[""Mixed Flooring""]","[""Attached Garage""]",[]
Paradise,47.551895,-52.888098,446500.0,3.0,3.0,2169.0,[],1.0,"[""Vinyl siding""]","[""Vinyl siding""]","[""Attached Garage""]",[],"[""Baseboard heaters"", ""Electric""]",1.0,,Single Family,[],"[""Municipal sewage system""]",,Single Family,"[""Attached Garage""]","[""Mixed Flooring""]","[""Attached Garage""]",[]
Paradise,47.551685,-52.888056,546000.0,5.0,3.0,2493.0,[],0.0,"[""Vinyl siding""]","[""Vinyl siding""]",[],[],"[""Heat Pump"", ""Electric""]",0.0,,Single Family,[],"[""Municipal sewage system""]",,Single Family,[],"[""Mixed Flooring""]",[],[]
St. John's,47.492312,-52.808846,785000.0,5.0,4.0,3724.0,[],1.0,"[""Vinyl siding""]","[""Vinyl siding""]","[""Attached Garage""]",[],"[""Baseboard heaters"", ""Electric""]",1.0,,Single Family,[],"[""Municipal sewage system""]",,Single Family,"[""Attached Garage""]","[""Hardwood"", ""Laminate"", ""Ceramic Tile"", ""Mixed Flooring""]","[""Attached Garage""]",[]
St. John's,47.567056,-52.807385,249000.0,,0.0,,,,[],[],[],[],,,,Vacant Land,[],"[""No sewage system""]",,Vacant Land,[],[],[],[]
St. John's,47.456737,-52.767108,413900.0,3.0,2.0,2244.0,[],0.0,"[""Vinyl siding""]","[""Vinyl siding""]",[],[],"[""Baseboard heaters"", ""Electric""]",0.0,,Single Family,[],"[""Municipal sewage system""]",,Single Family,[],"[""Mixed Flooring""]",[],[]
St. John's,47.5493,-52.724434,115000.0,3.0,1.0,,[],0.0,"[""Wood shingles"", ""Other""]","[""Wood shingles"", ""Other""]",[],[],"[""No heat""]",0.0,,Single Family,[],"[""Municipal sewage system""]",,Single Family,[],"[""Mixed Flooring""]",[],[]
St. John's,47.455213,-52.768967,149900.0,2.0,1.0,720.0,[],0.0,"[""Vinyl siding""]","[""Vinyl siding""]",[],[],"[""Baseboard heaters"", ""Electric""]",0.0,,Single Family,[],"[""Municipal sewage system""]",,Single Family,[],"[""Laminate""]",[],[]
Hastings Highlands,45.1489487,-77.9683914,849900.0,3.0,2.0,,"[""Crawl space""]",,"[""Wood""]","[""Wood""]","[""Detached Garage""]",[],"[""Forced air"", ""Oil""]",,,Single Family,[],"[""Septic System""]",,Single Family,"[""Detached Garage""]",[],"[""Detached Garage""]",[]
Conception Hr,47.436602,-53.211907,259900.0,4.0,2.0,1872.0,[],0.0,"[""Vinyl siding""]","[""Vinyl siding""]",[],[],"[""Baseboard heaters"", ""Electric""]",0.0,,Single Family,[],"[""Septic tank""]",,Single Family,[],"[""Laminate"", ""Other"", ""Mixed Flooring""]",[],[]
Paradise,47.571636,-52.899661,399999.0,,0.0,,,,[],[],[],[],,,,Vacant Land,[],"[""No sewage system""]",,Vacant Land,[],[],[],[]
Paradise,47.5726333,-52.8971245,699900.0,4.0,4.0,3660.0,[],1.0,"[""Vinyl siding""]","[""Vinyl siding""]","[""Attached Garage""]",Yes,"[""Baseboard heaters"", ""Electric"", ""Propane""]",1.0,,Single Family,[],"[""Municipal sewage system""]",,Single Family,"[""Attached Garage""]","[""Hardwood"", ""Ceramic Tile"", ""Mixed Flooring""]","[""Attached Garage""]","[""Insert"", ""Propane""]"
Paradise,47.576694,-52.897772,289900.0,,0.0,,,,[],[],[],[],,,,Vacant Land,[],"[""Municipal sewage system""]",,Vacant Land,[],[],[],[]
Paradise,47.576587,-52.890799,355000.0,,0.0,,,,[],[],[],[],,,,Vacant Land,[],"[""No sewage system""]",,Vacant Land,[],[],[],[]
St. John's,47.494017,-52.825586,509900.0,5.0,4.0,2570.0,[],1.0,"[""Vinyl siding""]","[""Vinyl siding""]","[""Detached Garage""]",[],"[""Baseboard heaters""]",1.0,,Single Family,[],"[""Municipal sewage system""]",,Single Family,"[""Detached Garage""]","[""Mixed Flooring""]","[""Detached Garage""]",[]
Paradise,47.523733,-52.889429,409900.0,3.0,3.0,2258.0,[],1.0,"[""Vinyl siding""]","[""Vinyl siding""]","[""Attached Garage""]",[],"[""Electric""]",1.0,,Single Family,[],"[""Municipal sewage system""]",,Single Family,"[""Attached Garage""]","[""Mixed Flooring""]","[""Attached Garage""]",[]
Paradise,47.523732,-52.889129,409900.0,3.0,3.0,2258.0,[],1.0,"[""Vinyl siding""]","[""Vinyl siding""]","[""Attached Garage""]",[],"[""Electric""]",1.0,,Single Family,[],"[""Municipal sewage system""]",,Single Family,"[""Attached Garage""]","[""Mixed Flooring""]","[""Attached Garage""]",[]
Paradise,47.524666,-52.889918,409900.0,3.0,3.0,2258.0,[],1.0,"[""Vinyl siding""]","[""Vinyl siding""]","[""Attached Garage""]",[],"[""Electric""]",1.0,,Single Family,[],"[""Municipal sewage system""]",,Single Family,"[""Attached Garage""]","[""Mixed Flooring""]","[""Attached Garage""]",[]
Paradise,47.524863,-52.889834,409900.0,3.0,3.0,2258.0,[],1.0,"[""Vinyl siding""]","[""Vinyl siding""]","[""Attached Garage""]",[],"[""Electric""]",1.0,,Single Family,[],"[""Municipal sewage system""]",,Single Family,"[""Attached Garage""]","[""Mixed Flooring""]","[""Attached Garage""]",[]
Paradise,47.527256,-52.856167,344900.0,2.0,2.0,1072.0,[],0.0,"[""Vinyl siding""]","[""Vinyl siding""]",[],[],"[""Electric""]",0.0,,Single Family,[],"[""Municipal sewage system""]",,Single Family,[],"[""Laminate"", ""Other"", ""Mixed Flooring""]",[],[]
Paradise,47.533555,-52.880585,439900.0,3.0,3.0,2201.0,[],1.0,"[""Wood shingles"", ""Vinyl siding""]","[""Wood shingles"", ""Vinyl siding""]",[],[],"[""Baseboard heaters"", ""Electric""]",1.0,,Single Family,[],"[""Municipal sewage system""]",,Single Family,[],"[""Laminate"", ""Other"", ""Mixed Flooring""]",[],[]
Paradise,47.5277533,-52.8592292,649900.0,5.0,3.0,3694.0,[],0.0,"[""Vinyl siding""]","[""Vinyl siding""]","[""Detached Garage""]",[],"[""Baseboard heaters"", ""Electric""]",0.0,,Single Family,[],"[""Municipal sewage system""]",,Single Family,"[""Detached Garage""]","[""Hardwood"", ""Mixed Flooring""]","[""Detached Garage""]",[]
Paradise,47.552087,-52.887071,399900.0,2.0,2.0,1790.0,[],0.0,"[""Vinyl siding""]","[""Vinyl siding""]","[""Attached Garage""]",[],"[""Baseboard heaters"", ""Electric""]",0.0,,Single Family,[],"[""Municipal sewage system""]",,Single Family,"[""Attached Garage""]","[""Mixed Flooring""]","[""Attached Garage""]",[]
Paradise,47.551773,-52.877921,339900.0,2.0,2.0,2432.0,[],0.0,"[""Vinyl siding""]","[""Vinyl siding""]",[],[],"[""Electric""]",0.0,,Single Family,[],"[""Municipal sewage system""]",,Single Family,[],"[""Mixed Flooring""]",[],[]
Paradise,47.523687,-52.889082,399000.0,3.0,3.0,1310.0,[],1.0,"[""Vinyl siding""]","[""Vinyl siding""]","[""Garage""]",[],"[""Electric""]",1.0,,Single Family,[],"[""Municipal sewage system""]",,Single Family,"[""Garage""]","[""Laminate"", ""Carpeted""]","[""Garage""]",[]
Paradise,47.523275,-52.889111,409900.0,3.0,3.0,1310.0,[],1.0,"[""Vinyl siding""]","[""Vinyl siding""]","[""Attached Garage""]",[],"[""Baseboard heaters"", ""Electric""]",1.0,,Single Family,[],"[""Municipal sewage system""]",,Single Family,"[""Attached Garage""]","[""Laminate"", ""Carpeted"", ""Other""]","[""Attached Garage""]",[]
Paradise,47.5457539,-52.899648,299999.0,3.0,1.0,2088.0,[],0.0,"[""Vinyl siding""]","[""Vinyl siding""]","[""Detached Garage"", ""Garage""]",[],"[""Baseboard heaters"", ""Electric""]",0.0,,Single Family,[],"[""Municipal sewage system""]",,Single Family,"[""Detached Garage"", ""Garage""]","[""Hardwood"", ""Laminate"", ""Ceramic Tile""]","[""Detached Garage"", ""Garage""]",[]
Paradise,47.533545,-52.880309,439900.0,3.0,3.0,2136.0,[],1.0,"[""Vinyl siding""]","[""Vinyl siding""]",[],[],"[""Electric""]",1.0,,Single Family,[],"[""Municipal sewage system""]",,Single Family,[],"[""Laminate"", ""Ceramic Tile""]",[],[]
Paradise,47.550955,-52.887561,479900.0,4.0,4.0,2520.0,[],1.0,"[""Vinyl siding""]","[""Vinyl siding""]",[],[],"[""Baseboard heaters"", ""Electric""]",1.0,,Single Family,[],"[""Municipal sewage system""]",,Single Family,[],"[""Mixed Flooring""]",[],[]
Paradise,47.550979,-52.88742,479900.0,4.0,4.0,2520.0,[],1.0,"[""Vinyl siding""]","[""Vinyl siding""]",[],[],"[""Baseboard heaters"", ""Electric""]",1.0,,Single Family,[],"[""Municipal sewage system""]",,Single Family,[],"[""Mixed Flooring""]",[],[]
Paradise,47.52362,-52.868757,450000.0,,0.0,,,,[],[],[],[],,,,Vacant Land,[],"[""No sewage system""]",,Vacant Land,[],[],[],[]
Paradise,47.523188,-52.888356,615000.0,3.0,3.0,2114.0,[],1.0,"[""Vinyl siding""]","[""Vinyl siding""]","[""Attached Garage""]",[],"[""Baseboard heaters"", ""Electric""]",1.0,,Single Family,[],"[""Municipal sewage system""]",,Single Family,"[""Attached Garage""]","[""Other""]","[""Attached Garage""]",[]
Paradise,47.5167969,-52.8984528,879000.0,3.0,2.0,3367.0,[],0.0,[],[],"[""Detached Garage"", ""Parking Space(s)""]",Yes,"[""Propane""]",0.0,,Single Family,[],"[""Septic tank""]",,Single Family,"[""Detached Garage"", ""Parking Space(s)""]","[""Mixed Flooring""]","[""Detached Garage"", ""Parking Space(s)""]","[""Insert"", ""Propane""]"
Paradise,47.5557461,-52.8947588,564900.0,4.0,4.0,3108.0,[],1.0,"[""Vinyl siding""]","[""Vinyl siding""]","[""Attached Garage""]",Yes,"[""Baseboard heaters"", ""Electric""]",1.0,,Single Family,[],"[""Municipal sewage system""]",,Single Family,"[""Attached Garage""]","[""Hardwood"", ""Laminate"", ""Ceramic Tile""]","[""Attached Garage""]","[""Insert"", ""Propane""]"
Paradise,47.551141,-52.89203,435000.0,3.0,2.0,2043.0,[],0.0,"[""Vinyl siding""]","[""Vinyl siding""]","[""Attached Garage"", ""Garage""]",[],"[""Baseboard heaters"", ""Electric""]",0.0,,Single Family,[],"[""Municipal sewage system""]",,Single Family,"[""Attached Garage"", ""Garage""]","[""Laminate"", ""Mixed Flooring""]","[""Attached Garage"", ""Garage""]",[]
Paradise,47.551389,-52.886632,479900.0,4.0,4.0,2475.0,[],1.0,"[""Vinyl siding""]","[""Vinyl siding""]",[],[],"[""Baseboard heaters"", ""Electric""]",1.0,,Single Family,[],"[""Municipal sewage system""]",,Single Family,[],"[""Mixed Flooring""]",[],[]
Paradise,47.551403,-52.886664,479900.0,4.0,4.0,2475.0,[],1.0,"[""Vinyl siding""]","[""Vinyl siding""]",[],[],"[""Baseboard heaters"", ""Electric""]",1.0,,Single Family,[],"[""Municipal sewage system""]",,Single Family,[],"[""Mixed Flooring""]",[],[]
St. John's,47.494224,-52.825821,649000.0,3.0,3.0,3017.0,[],1.0,"[""Vinyl siding""]","[""Vinyl siding""]","[""Attached Garage""]",[],"[""Baseboard heaters"", ""Electric""]",1.0,,Single Family,[],"[""Municipal sewage system""]",,Single Family,"[""Attached Garage""]","[""Mixed Flooring""]","[""Attached Garage""]",[]
Paradise,47.551776,-52.8864,399900.0,5.0,3.0,1764.0,[],1.0,"[""Vinyl siding""]","[""Vinyl siding""]",[],[],"[""Baseboard heaters"", ""Electric""]",1.0,,Single Family,[],"[""Municipal sewage system""]",,Single Family,[],"[""Laminate"", ""Mixed Flooring""]",[],[]
Paradise,47.552723,-52.885532,349900.0,3.0,3.0,1764.0,[],1.0,"[""Vinyl siding""]","[""Vinyl siding""]",[],[],"[""Baseboard heaters""]",1.0,,Single Family,[],"[""Municipal sewage system""]",,Single Family,[],"[""Laminate"", ""Mixed Flooring""]",[],[]
Paradise,47.550679,-52.892104,554800.0,3.0,2.0,2091.0,[],0.0,"[""Vinyl siding""]","[""Vinyl siding""]","[""Attached Garage"", ""Garage""]",[],"[""Baseboard heaters"", ""Electric""]",0.0,,Single Family,[],"[""Municipal sewage system""]",,Single Family,"[""Attached Garage"", ""Garage""]","[""Other""]","[""Attached Garage"", ""Garage""]",[]
Paradise,47.531675,-52.908562,679000.0,,0.0,,,,[],[],[],[],,,,Vacant Land,[],"[""Municipal sewage system""]",,Vacant Land,[],[],[],[]
Paradise,47.552041,-52.886883,515000.0,3.0,3.0,1692.0,[],1.0,"[""Vinyl siding""]","[""Vinyl siding""]","[""Attached Garage""]",[],"[""Baseboard heaters"", ""Electric""]",1.0,,Single Family,[],"[""Municipal sewage system""]",,Single Family,"[""Attached Garage""]","[""Mixed Flooring""]","[""Attached Garage""]",[]
Paradise,47.5362212,-52.8907836,499900.0,5.0,4.0,3824.0,[],0.0,"[""Vinyl siding""]","[""Vinyl siding""]","[""Detached Garage""]",Yes,"[""Baseboard heaters"", ""Electric"", ""Propane""]",0.0,,Single Family,[],"[""Municipal sewage system""]",,Single Family,"[""Detached Garage""]","[""Hardwood"", ""Laminate"", ""Carpeted"", ""Ceramic Tile""]","[""Detached Garage""]","[""Insert"", ""Propane""]"
Paradise,47.527749,-52.892706,98500.0,,0.0,,,,[],[],[],[],,,,Vacant Land,[],"[""No sewage system""]",,Vacant Land,[],[],[],[]
Paradise,47.506391,-52.89036,809900.0,3.0,3.0,2912.0,[],1.0,"[""Brick"", ""Vinyl siding""]","[""Brick"", ""Vinyl siding""]","[""Attached Garage"", ""Garage""]",[],"[""Heat Pump"", ""Forced air""]",1.0,,Single Family,[],"[""Septic tank""]",,Single Family,"[""Attached Garage"", ""Garage""]","[""Laminate"", ""Ceramic Tile"", ""Mixed Flooring""]","[""Attached Garage"", ""Garage""]",[]
St. John's,47.495163,-52.828348,589900.0,3.0,3.0,2650.0,[],1.0,"[""Vinyl siding""]","[""Vinyl siding""]","[""Attached Garage""]",[],"[""Baseboard heaters"", ""Electric""]",1.0,,Single Family,[],"[""Municipal sewage system""]",,Single Family,"[""Attached Garage""]","[""Laminate""]","[""Attached Garage""]",[]
Paradise,47.5409081,-52.8856334,439900.0,3.0,3.0,2304.0,[],1.0,"[""Vinyl siding""]","[""Vinyl siding""]","[""Attached Garage"", ""Garage""]",[],"[""Electric""]",1.0,,Single Family,[],"[""Municipal sewage system""]",,Single Family,"[""Attached Garage"", ""Garage""]","[""Mixed Flooring""]","[""Attached Garage"", ""Garage""]",[]
Paradise,47.5342394,-52.8998736,749900.0,4.0,3.0,3260.0,[],1.0,"[""Vinyl siding""]","[""Vinyl siding""]",[],Yes,"[""Baseboard heaters"", ""Electric"", ""Propane""]",1.0,,Single Family,[],"[""Septic tank""]",,Single Family,[],"[""Hardwood"", ""Laminate"", ""Ceramic Tile""]",[],"[""Insert"", ""Propane""]"
Paradise,47.55184,-52.887705,529900.0,5.0,3.0,2493.0,[],0.0,"[""Vinyl siding""]","[""Vinyl siding""]",[],[],"[""Heat Pump"", ""Electric""]",0.0,,Single Family,[],"[""Municipal sewage system""]",,Single Family,[],"[""Mixed Flooring""]",[],[]
Paradise,47.527144,-52.856421,345600.0,3.0,3.0,1806.0,[],1.0,"[""Vinyl siding""]","[""Vinyl siding""]",[],[],"[""Electric""]",1.0,,Single Family,[],"[""Municipal sewage system""]",,Single Family,[],"[""Laminate"", ""Carpeted"", ""Other""]",[],[]
Paradise,47.532977,-52.883306,399900.0,3.0,4.0,2450.0,[],2.0,"[""Vinyl siding""]","[""Vinyl siding""]","[""Detached Garage""]",Yes,"[""Baseboard heaters"", ""Propane""]",2.0,,Single Family,[],"[""Municipal sewage system""]",,Single Family,"[""Detached Garage""]","[""Hardwood"", ""Laminate"", ""Ceramic Tile""]","[""Detached Garage""]","[""Insert"", ""Propane""]"
Paradise,47.551534,-52.886696,399000.0,3.0,3.0,2295.0,[],1.0,"[""Vinyl siding""]","[""Vinyl siding""]","[""Garage""]",[],"[""Baseboard heaters"", ""Electric""]",1.0,,Single Family,[],"[""Municipal sewage system""]",,Single Family,"[""Garage""]","[""Laminate"", ""Other"", ""Ceramic Tile""]","[""Garage""]",[]
Paradise,47.551424,-52.886665,439000.0,5.0,4.0,2295.0,[],1.0,"[""Vinyl siding""]","[""Vinyl siding""]",[],[],"[""Baseboard heaters"", ""Electric""]",1.0,,Single Family,[],"[""Municipal sewage system""]",,Single Family,[],"[""Laminate"", ""Ceramic Tile"", ""Mixed Flooring""]",[],[]
Paradise,47.514081,-52.914354,399900.0,,0.0,,,,[],[],[],[],,,,Vacant Land,[],"[""No sewage system""]",,Vacant Land,[],[],[],[]
Paradise,47.551083,-52.887281,409000.0,3.0,3.0,2475.0,[],1.0,"[""Vinyl siding""]","[""Vinyl siding""]",[],[],"[""Baseboard heaters"", ""Electric""]",1.0,,Single Family,[],"[""Municipal sewage system""]",,Single Family,[],"[""Mixed Flooring""]",[],[]
Paradise,47.551191,-52.886787,409000.0,3.0,3.0,2475.0,[],1.0,"[""Vinyl siding""]","[""Vinyl siding""]",[],[],"[""Baseboard heaters"", ""Electric""]",1.0,,Single Family,[],"[""Municipal sewage system""]",,Single Family,[],"[""Mixed Flooring""]",[],[]
Paradise,47.539971,-52.890536,469900.0,3.0,3.0,1999.0,[],0.0,"[""Vinyl siding""]","[""Vinyl siding""]","[""Attached Garage""]",[],"[""Baseboard heaters"", ""Electric""]",0.0,,Single Family,[],"[""Municipal sewage system""]",,Single Family,"[""Attached Garage""]","[""Other""]","[""Attached Garage""]",[]
Paradise,47.513765,-52.859035,1290000.0,,0.0,,,,[],[],[],[],,,,Vacant Land,[],[],,Vacant Land,[],[],[],[]
Paradise NL,47.511743,-52.912754,239900.0,,0.0,,,,[],[],[],[],,,,Vacant Land,[],"[""Septic tank""]",,Vacant Land,[],[],[],[]
ST. JOHN'S,47.555488,-52.719048,275000.0,3.0,3.0,2417.0,[],1.0,"[""Other""]","[""Other""]",[],[],"[""Electric""]",1.0,,Single Family,[],"[""Municipal sewage system""]",,Single Family,[],"[""Hardwood"", ""Laminate"", ""Ceramic Tile""]",[],[]
St. John's,47.557561,-52.723977,329900.0,3.0,2.0,2683.0,[],0.0,"[""Aluminum siding""]","[""Aluminum siding""]",[],[],"[""Baseboard heaters"", ""Electric""]",0.0,,Single Family,[],"[""Municipal sewage system""]",,Single Family,[],"[""Hardwood"", ""Laminate"", ""Ceramic Tile""]",[],[]
St. John's,47.534361,-52.758412,239900.0,4.0,2.0,1860.0,[],1.0,"[""Vinyl siding""]","[""Vinyl siding""]",[],[],"[""Baseboard heaters"", ""Electric""]",1.0,,Single Family,[],"[""Municipal sewage system""]",,Single Family,[],"[""Laminate"", ""Ceramic Tile""]",[],[]
St. John's,47.564698,-52.716773,120000.0,3.0,2.0,1000.0,[],0.0,"[""Vinyl siding""]","[""Vinyl siding""]",[],[],"[""Baseboard heaters"", ""Electric""]",0.0,,Single Family,[],"[""Municipal sewage system""]",,Single Family,[],"[""Mixed Flooring""]",[],[]
Mount Pearl,47.516417,-52.805418,305000.0,4.0,1.0,900.0,[],0.0,"[""Wood shingles"", ""Vinyl siding""]","[""Wood shingles"", ""Vinyl siding""]","[""Garage""]",[],"[""Baseboard heaters"", ""Electric""]",0.0,,Single Family,[],"[""Municipal sewage system""]",,Single Family,"[""Garage""]","[""Laminate""]","[""Garage""]",[]
St. John's,47.558124,-52.734284,250000.0,3.0,1.0,1092.0,[],0.0,"[""Vinyl siding""]","[""Vinyl siding""]",[],[],"[""Heat Pump"", ""Forced air""]",0.0,,Single Family,[],"[""Municipal sewage system""]",,Single Family,[],"[""Laminate"", ""Mixed Flooring""]",[],[]
"St. John's, NL   A1B 0S2",47.567757,-52.724823,290000.0,3.0,2.0,2019.0,[],1.0,"[""Vinyl siding""]","[""Vinyl siding""]",[],Yes,"[""Electric""]",1.0,,Single Family,[],"[""Municipal sewage system""]",,Single Family,[],"[""Mixed Flooring""]",[],[]
St. John's,47.561849,-52.715576,200000.0,5.0,2.0,1978.0,[],0.0,"[""Vinyl siding""]","[""Vinyl siding""]",[],[],"[""Baseboard heaters"", ""Electric""]",0.0,,Single Family,[],"[""Municipal sewage system""]",,Single Family,[],"[""Laminate"", ""Carpeted"", ""Mixed Flooring""]",[],[]
St. John's,47.544581,-52.804222,579900.0,5.0,4.0,2746.0,[],1.0,"[""Vinyl siding""]","[""Vinyl siding""]",[],[],"[""Electric""]",1.0,,Single Family,[],"[""Municipal sewage system""]",,Single Family,[],"[""Mixed Flooring""]",[],[]
Mount Pearl,47.532752,-52.814543,429900.0,2.0,2.0,2008.0,[],0.0,"[""Vinyl siding""]","[""Vinyl siding""]","[""Attached Garage""]",Yes,"[""Baseboard heaters"", ""Electric""]",0.0,,Single Family,[],"[""Municipal sewage system""]",,Single Family,"[""Attached Garage""]","[""Laminate"", ""Mixed Flooring""]","[""Attached Garage""]",[]
St. John's,47.453599,-52.738159,1150000.0,5.0,5.0,3880.0,[],2.0,"[""Vinyl siding""]","[""Vinyl siding""]","[""Detached Garage""]",Yes,"[""Heat Pump""]",2.0,,Single Family,[],"[""Septic tank""]",,Single Family,"[""Detached Garage""]","[""Hardwood"", ""Laminate"", ""Ceramic Tile""]","[""Detached Garage""]",[]
St. John's,47.544173,-52.802828,599000.0,3.0,3.0,2450.0,[],1.0,"[""Vinyl siding""]","[""Vinyl siding""]","[""Attached Garage""]",[],"[""Electric""]",1.0,,Single Family,[],"[""Municipal sewage system""]",,Single Family,"[""Attached Garage""]","[""Mixed Flooring""]","[""Attached Garage""]",[]
St. John's,47.564765,-52.722481,179900.0,3.0,1.0,1116.0,[],0.0,"[""Vinyl siding"", ""Other""]","[""Vinyl siding"", ""Other""]",[],[],"[""Hot water radiator heat"", ""Oil""]",0.0,,Single Family,[],"[""Municipal sewage system""]",,Single Family,[],"[""Laminate"", ""Other""]",[],[]
St. John's,47.567217,-52.71972,189900.0,2.0,1.0,1142.0,[],0.0,"[""Vinyl siding""]","[""Vinyl siding""]",[],[],"[""Hot water radiator heat"", ""Oil"", ""Radiator""]",0.0,,Single Family,[],"[""Municipal sewage system""]",,Single Family,[],"[""Laminate"", ""Carpeted""]",[],[]
St. John's,47.544547,-52.802588,559900.0,5.0,4.0,2384.0,[],1.0,"[""Vinyl siding""]","[""Vinyl siding""]",[],[],"[""Electric""]",1.0,,Single Family,[],"[""Municipal sewage system""]",,Single Family,[],"[""Mixed Flooring""]",[],[]
St. John's,47.6185547,-52.7031565,655000.0,3.0,3.0,2908.0,[],1.0,"[""Stone"", ""Vinyl siding""]","[""Stone"", ""Vinyl siding""]","[""Attached Garage"", ""Garage""]",Yes,"[""Baseboard heaters"", ""Electric""]",1.0,,Single Family,[],"[""Municipal sewage system""]",,Single Family,"[""Attached Garage"", ""Garage""]","[""Laminate""]","[""Attached Garage"", ""Garage""]","[""Insert"", ""Propane""]"
St. Johns,47.5857,-52.707947,299900.0,4.0,2.0,2480.0,[],0.0,"[""Wood shingles"", ""Vinyl siding""]","[""Wood shingles"", ""Vinyl siding""]",[],[],"[""Forced air"", ""Oil"", ""Electric""]",0.0,,Single Family,[],"[""Municipal sewage system""]",,Single Family,[],"[""Mixed Flooring""]",[],[]
St. John's,47.553148,-52.711364,149900.0,3.0,1.0,1835.0,[],0.0,"[""Other""]","[""Other""]",[],[],"[""Hot water radiator heat"", ""Radiator""]",0.0,,Single Family,[],"[""Municipal sewage system""]",,Single Family,[],"[""Mixed Flooring""]",[],[]
St. John's,47.54459,-52.804168,559900.0,5.0,4.0,2484.0,[],1.0,"[""Vinyl siding""]","[""Vinyl siding""]",[],[],"[""Electric""]",1.0,,Single Family,[],"[""Municipal sewage system""]",,Single Family,[],"[""Mixed Flooring""]",[],[]
St. John's,47.4715563,-52.7829368,750000.0,4.0,4.0,3930.0,[],1.0,"[""Vinyl siding""]","[""Vinyl siding""]","[""Attached Garage"", ""Detached Garage""]",[],"[""Hot water radiator heat""]",1.0,,Single Family,[],"[""Septic tank""]",,Single Family,"[""Attached Garage"", ""Detached Garage""]","[""Hardwood"", ""Ceramic Tile""]","[""Attached Garage"", ""Detached Garage""]",[]
St. John's,47.551952,-52.742007,259000.0,3.0,2.0,1428.0,[],0.0,"[""Vinyl siding""]","[""Vinyl siding""]",[],[],"[""Electric""]",0.0,,Single Family,[],"[""Municipal sewage system""]",,Single Family,[],"[""Mixed Flooring""]",[],[]
St. John's,47.611084,-52.7467445,2250000.0,,0.0,,,,[],[],[],[],,,,Vacant Land,[],"[""No sewage system""]",,Vacant Land,[],[],[],[]
St. John's,47.483724,-52.782374,74900.0,,0.0,,,,[],[],[],[],,,,Vacant Land,[],"[""No sewage system""]",,Vacant Land,[],[],[],[]
St. John's,47.538996,-52.748506,229900.0,4.0,1.0,1680.0,[],0.0,"[""Wood shingles""]","[""Wood shingles""]","[""Garage"", ""Parking Space(s)""]",[],"[""Oil""]",0.0,,Single Family,[],"[""Municipal sewage system""]",,Single Family,"[""Garage"", ""Parking Space(s)""]","[""Mixed Flooring""]","[""Garage"", ""Parking Space(s)""]",[]
St. John's,47.6196148,-52.7001727,769900.0,3.0,3.0,2868.0,[],1.0,"[""Vinyl siding""]","[""Vinyl siding""]","[""Attached Garage"", ""Garage""]",Yes,"[""Baseboard heaters"", ""Electric""]",1.0,,Single Family,[],"[""Municipal sewage system""]",,Single Family,"[""Attached Garage"", ""Garage""]","[""Other""]","[""Attached Garage"", ""Garage""]","[""Insert"", ""Propane""]"
St. John's,47.5126562,-52.6802694,160000.0,,0.0,,,,[],[],[],[],,,,Vacant Land,[],"[""No sewage system""]",,Vacant Land,[],[],[],[]
St. John's,47.544477,-52.804286,559900.0,5.0,4.0,2582.0,[],1.0,"[""Vinyl siding""]","[""Vinyl siding""]",[],[],"[""Electric""]",1.0,,Single Family,[],"[""Municipal sewage system""]",,Single Family,[],"[""Mixed Flooring""]",[],[]
St. John's,47.586838,-52.710997,349900.0,2.0,3.0,2180.0,,0.0,"[""Cedar Siding""]","[""Cedar Siding""]",[],[],"[""Baseboard heaters"", ""Electric""]",0.0,,Condo/Townhome,,"[""Municipal sewage system""]",,Condo/Townhome,[],"[""Hardwood"", ""Laminate"", ""Other"", ""Mixed Flooring""]",[],[]
St. John's,47.555266,-52.781543,929900.0,,0.0,,,,[],[],[],[],,,,Vacant Land,[],"[""Municipal sewage system""]",,Vacant Land,[],[],[],[]
St. John's,47.564616,-52.710161,275000.0,4.0,1.0,2466.0,[],0.0,"[""Other""]","[""Other""]",[],[],"[""Electric""]",0.0,,Single Family,[],"[""Municipal sewage system""]",,Single Family,[],"[""Other"", ""Mixed Flooring""]",[],[]
St. John's,47.54271,-52.73194,299000.0,3.0,2.0,1580.0,[],1.0,"[""Vinyl siding""]","[""Vinyl siding""]","[""Other""]",Yes,"[""Oil"", ""Radiator""]",1.0,,Single Family,[],"[""Municipal sewage system""]",,Single Family,"[""Other""]","[""Hardwood"", ""Laminate"", ""Mixed Flooring""]","[""Other""]","[""Insert"", ""Propane""]"
St. John's,47.4950985,-52.7977272,489900.0,3.0,3.0,2431.0,[],1.0,"[""Vinyl siding""]","[""Vinyl siding""]",[],[],"[""Electric""]",1.0,,Single Family,[],"[""Municipal sewage system""]",,Single Family,[],"[""Laminate"", ""Ceramic Tile"", ""Mixed Flooring""]",[],[]
St. John's,47.5549846,-52.7237317,149900.0,,0.0,,,,[],[],[],[],,,,Vacant Land,[],"[""Municipal sewage system""]",,Vacant Land,[],[],[],[]
St. John's,47.6182379,-52.7030515,617500.0,3.0,3.0,2568.0,[],1.0,"[""Stone"", ""Vinyl siding""]","[""Stone"", ""Vinyl siding""]","[""Attached Garage"", ""Garage""]",Yes,"[""Baseboard heaters"", ""Electric""]",1.0,,Single Family,[],"[""Municipal sewage system""]",,Single Family,"[""Attached Garage"", ""Garage""]","[""Laminate""]","[""Attached Garage"", ""Garage""]","[""Insert"", ""Propane""]"
St. John's,47.513827,-52.7909553,606900.0,5.0,3.0,2671.0,[],0.0,"[""Vinyl siding""]","[""Vinyl siding""]",[],[],"[""Baseboard heaters"", ""Electric""]",0.0,,Single Family,[],"[""Municipal sewage system""]",,Single Family,[],"[""Laminate"", ""Mixed Flooring""]",[],[]
St. John's,47.551867,-52.728767,275000.0,3.0,2.0,1725.0,[],2.0,"[""Vinyl siding""]","[""Vinyl siding""]",[],[],"[""Hot water radiator heat"", ""Radiant heat"", ""Electric""]",2.0,,Single Family,[],"[""Municipal sewage system""]",,Single Family,[],"[""Hardwood"", ""Laminate""]",[],[]
St. John's,47.607711,-52.762268,154900.0,,0.0,,,,[],[],[],[],,,,Vacant Land,[],"[""Municipal sewage system""]",,Vacant Land,[],[],[],[]
St. John's,47.607936,-52.762168,154900.0,,0.0,,,,[],[],[],[],,,,Vacant Land,[],"[""Municipal sewage system""]",,Vacant Land,[],[],[],[]
St. John's,47.456741,-52.766385,499900.0,3.0,4.0,2451.0,[],2.0,"[""Vinyl siding""]","[""Vinyl siding""]","[""Attached Garage""]",[],"[""Electric""]",2.0,,Single Family,[],"[""Municipal sewage system""]",,Single Family,"[""Attached Garage""]","[""Mixed Flooring""]","[""Attached Garage""]",[]
St. John's,47.591636,-52.723808,349900.0,3.0,2.0,1661.0,[],1.0,"[""Vinyl siding""]","[""Vinyl siding""]",[],[],"[""Baseboard heaters"", ""Electric""]",1.0,,Single Family,[],"[""Municipal sewage system""]",,Single Family,[],"[""Hardwood"", ""Mixed Flooring""]",[],[]
ST. John's,47.497766,-52.763341,1200000.0,,0.0,,,,[],[],[],[],,,,Vacant Land,[],"[""No sewage system""]",,Vacant Land,[],[],[],[]
Torbay,47.6582503,-52.7550018,575900.0,4.0,3.0,3908.0,[],1.0,"[""Vinyl siding""]","[""Vinyl siding""]","[""Detached Garage""]",[],"[""Electric""]",1.0,,Single Family,[],"[""Septic tank""]",,Single Family,"[""Detached Garage""]","[""Ceramic Tile""]","[""Detached Garage""]",[]
St. John's,47.55522,-52.751115,364900.0,3.0,2.0,1404.0,[],0.0,"[""Vinyl siding""]","[""Vinyl siding""]",[],[],"[""Electric""]",0.0,,Single Family,[],"[""Municipal sewage system""]",,Single Family,[],"[""Laminate"", ""Carpeted"", ""Other"", ""Mixed Flooring""]",[],[]
St. John's,47.539231,-52.796179,1750000.0,,0.0,,,,[],[],[],[],,,,Vacant Land,[],"[""No sewage system""]",,Vacant Land,[],[],[],[]
St. John's,47.554834,-52.750859,349900.0,3.0,3.0,1310.0,[],1.0,"[""Vinyl siding""]","[""Vinyl siding""]",[],[],"[""Electric""]",1.0,,Single Family,[],"[""Municipal sewage system""]",,Single Family,[],"[""Laminate"", ""Carpeted"", ""Other"", ""Mixed Flooring""]",[],[]
Mount Pearl,47.5204318,-52.807021,1000000.0,,0.0,,,,[],[],[],[],,,,Vacant Land,[],"[""Municipal sewage system""]",,Vacant Land,[],[],[],[]
St. John's,47.59858,-52.70146,439900.0,4.0,3.0,2761.0,[],1.0,"[""Vinyl siding""]","[""Vinyl siding""]",[],Yes,"[""Baseboard heaters"", ""Electric""]",1.0,,Single Family,[],"[""Municipal sewage system""]",,Single Family,[],"[""Laminate"", ""Carpeted"", ""Other""]",[],[]
St. John's,47.544653,-52.804273,684865.0,4.0,3.0,2444.0,[],0.0,"[""Vinyl siding""]","[""Vinyl siding""]","[""Attached Garage""]",[],"[""Electric""]",0.0,,Single Family,[],"[""Municipal sewage system""]",,Single Family,"[""Attached Garage""]","[""Mixed Flooring""]","[""Attached Garage""]",[]
St. John's,47.5401772,-52.7265764,325000.0,,0.0,,,,[],[],[],[],,,,Vacant Land,[],"[""Municipal sewage system""]",,Vacant Land,[],[],[],[]
St. John's,47.612327,-52.679856,475000.0,,0.0,,,,[],[],[],[],,,,Vacant Land,[],[],,Vacant Land,[],[],[],[]
St. John's,47.6050821,-52.6799785,960000.0,,0.0,,,,[],[],[],[],,,,Vacant Land,[],"[""Municipal sewage system""]",,Vacant Land,[],[],[],[]
St. John's,47.554609,-52.716351,689000.0,2.0,3.0,1994.0,[],1.0,"[""Other""]","[""Other""]","[""Attached Garage"", ""Parking Space(s)""]",Yes,"[""Heat Pump"", ""Electric""]",1.0,,Single Family,[],"[""Municipal sewage system""]",,Single Family,"[""Attached Garage"", ""Parking Space(s)""]","[""Ceramic Tile""]","[""Attached Garage"", ""Parking Space(s)""]",[]
St. John's,47.542599,-52.758837,349900.0,2.0,2.0,1383.0,[],0.0,"[""Wood shingles"", ""Vinyl siding""]","[""Wood shingles"", ""Vinyl siding""]","[""Attached Garage""]",[],"[""Baseboard heaters"", ""Electric""]",0.0,,Single Family,[],"[""Municipal sewage system""]",,Single Family,"[""Attached Garage""]","[""Laminate"", ""Ceramic Tile"", ""Mixed Flooring""]","[""Attached Garage""]",[]
ST. JOHN'S,47.521892,-52.749106,519900.0,3.0,3.0,1981.0,[],1.0,"[""Vinyl siding""]","[""Vinyl siding""]","[""Attached Garage""]",[],"[""Baseboard heaters""]",1.0,,Single Family,[],"[""Municipal sewage system""]",,Single Family,"[""Attached Garage""]","[""Laminate""]","[""Attached Garage""]",[]
Torbay,47.635255,-52.720935,124900.0,,0.0,,,,[],[],[],[],,,,Vacant Land,[],"[""No sewage system""]",,Vacant Land,[],[],[],[]
St. John's,47.535183,-52.744429,344900.0,,0.0,,,,[],[],[],[],,,,Vacant Land,[],"[""No sewage system""]",,Vacant Land,[],[],[],[]
St. John's,47.608862,-52.69612,629990.0,,0.0,,,,[],[],[],[],,,,Vacant Land,[],"[""No sewage system""]",,Vacant Land,[],[],[],[]
St. John's,47.554151,-52.718074,224000.0,2.0,2.0,1650.0,[],0.0,"[""Vinyl siding""]","[""Vinyl siding""]",[],[],"[""Baseboard heaters"", ""Electric""]",0.0,,Single Family,[],"[""Municipal sewage system""]",,Single Family,[],"[""Mixed Flooring""]",[],[]
St. John's,47.552229,-52.716074,75000.0,,0.0,,,,[],[],[],[],,,,Vacant Land,[],"[""Municipal sewage system""]",,Vacant Land,[],[],[],[]
Torbay,47.6672487,-52.7462362,73000.0,,0.0,,,,[],[],[],[],,,,Vacant Land,[],"[""Septic tank""]",,Vacant Land,[],[],[],[]
St. John's,47.610192,-52.718115,425000.0,4.0,3.0,1100.0,[],1.0,"[""Vinyl siding""]","[""Vinyl siding""]",[],[],"[""Electric""]",1.0,,Single Family,[],"[""Municipal sewage system""]",,Single Family,[],"[""Hardwood""]",[],[]
St. John's,47.5675408,-52.7082141,220000.0,2.0,1.0,850.0,,0.0,"[""Wood"", ""Vinyl siding""]","[""Wood"", ""Vinyl siding""]",[],[],"[""Electric""]",0.0,,Condo,,"[""Municipal sewage system""]",,Condo,[],"[""Laminate"", ""Other""]",[],[]
St. John's,47.47738,-52.702656,15000.0,,0.0,,,,[],[],[],[],,,,Vacant Land,[],"[""Municipal sewage system""]",,Vacant Land,[],[],[],[]
St. John's,47.554948,-52.782508,1129900.0,,0.0,,,,[],[],[],[],,,,Vacant Land,[],"[""Municipal sewage system""]",,Vacant Land,[],[],[],[]
St. John's,47.573879,-52.721752,1100000.0,,0.0,,,,[],[],[],[],,,,Vacant Land,[],"[""Municipal sewage system""]",,Vacant Land,[],[],[],[]
Torbay,47.65454,-52.763974,525000.0,,0.0,,,,[],[],[],[],,,,Vacant Land,[],"[""No sewage system""]",,Vacant Land,[],[],[],[]
Torbay,47.638092,-52.764714,675000.0,3.0,2.0,3732.0,[],0.0,"[""Wood shingles""]","[""Wood shingles""]","[""Attached Garage""]",[],"[""Electric""]",0.0,,Single Family,[],"[""Septic tank""]",,Single Family,"[""Attached Garage""]","[""Mixed Flooring""]","[""Attached Garage""]",[]
St. Johns,47.613129,-52.722944,289900.0,,0.0,,,,[],[],[],[],,,,Vacant Land,[],"[""Municipal sewage system""]",,Vacant Land,[],[],[],[]
Mount Pearl,47.536297,-52.817214,1599900.0,,0.0,,,,[],[],[],[],,,,Vacant Land,[],"[""Municipal sewage system""]",,Vacant Land,[],[],[],[]
St. John's,47.6186652,-52.7011217,596400.0,3.0,3.0,2547.0,[],1.0,"[""Vinyl siding""]","[""Vinyl siding""]","[""Attached Garage"", ""Garage""]",Yes,"[""Baseboard heaters"", ""Electric""]",1.0,,Single Family,[],"[""Municipal sewage system""]",,Single Family,"[""Attached Garage"", ""Garage""]","[""Mixed Flooring""]","[""Attached Garage"", ""Garage""]","[""Insert"", ""Propane""]"
St. John's,47.5431015,-52.7566274,289900.0,2.0,1.0,1091.0,,0.0,"[""Wood shingles"", ""Vinyl siding""]","[""Wood shingles"", ""Vinyl siding""]",[],[],"[""Baseboard heaters"", ""Electric""]",0.0,,Condo,,"[""Municipal sewage system""]",,Condo,[],"[""Mixed Flooring""]",[],[]
St. John's,47.5431015,-52.7566274,279900.0,2.0,1.0,1139.0,,0.0,"[""Wood shingles"", ""Vinyl siding""]","[""Wood shingles"", ""Vinyl siding""]",[],[],"[""Baseboard heaters"", ""Electric""]",0.0,,Condo,,"[""Municipal sewage system""]",,Condo,[],"[""Mixed Flooring""]",[],[]
St. John's,47.5431015,-52.7566274,289900.0,2.0,1.0,1091.0,,0.0,"[""Wood shingles"", ""Vinyl siding""]","[""Wood shingles"", ""Vinyl siding""]",[],[],"[""Baseboard heaters"", ""Electric""]",0.0,,Condo,,"[""Municipal sewage system""]",,Condo,[],"[""Mixed Flooring""]",[],[]
St. John's,47.547609,-52.752276,74900.0,,0.0,,,,[],[],[],[],,,,Vacant Land,[],"[""Municipal sewage system""]",,Vacant Land,[],[],[],[]
St. John's,47.600695,-52.703801,249000.0,,0.0,,,,[],[],[],[],,,,Vacant Land,[],"[""Municipal sewage system""]",,Vacant Land,[],[],[],[]
St. John's,47.568342,-52.703566,899000.0,,0.0,,,,[],[],[],[],,,,Vacant Land,[],"[""No sewage system""]",,Vacant Land,[],[],[],[]
Torbay,47.656682,-52.757264,92500.0,,0.0,,,,[],[],[],[],,,,Vacant Land,[],"[""No sewage system""]",,Vacant Land,[],[],[],[]
Torbay,47.656436,-52.757962,82500.0,,0.0,,,,[],[],[],[],,,,Vacant Land,[],"[""No sewage system""]",,Vacant Land,[],[],[],[]
St. John's,47.5470708,-52.7229323,369900.0,,0.0,,,,[],[],[],[],,,,Vacant Land,[],"[""Municipal sewage system""]",,Vacant Land,[],[],[],[]
ST. JOHN'S,47.494976,-52.704742,125000.0,,0.0,,,,[],[],[],[],,,,Vacant Land,[],"[""No sewage system""]",,Vacant Land,[],[],[],[]
ST. JOHN'S,47.494744,-52.704686,125000.0,,0.0,,,,[],[],[],[],,,,Vacant Land,[],"[""No sewage system""]",,Vacant Land,[],[],[],[]
Mount Pearl,47.528624,-52.784247,77250.0,,0.0,,,,[],[],[],[],,,,Vacant Land,[],"[""Municipal sewage system""]",,Vacant Land,[],[],[],[]
St. John's,47.598827,-52.731368,1400000.0,,0.0,,,,[],[],[],[],,,,Vacant Land,[],"[""Municipal sewage system""]",,Vacant Land,[],[],[],[]
St. John's,47.589619,-52.714628,1250000.0,,0.0,,,,[],[],[],[],,,,Vacant Land,[],[],,Vacant Land,[],[],[],[]
St. John's,47.4959937,-52.7656716,899000.0,,0.0,,,,[],[],[],[],,,,Vacant Land,[],"[""No sewage system""]",,Vacant Land,[],[],[],[]
Torbay,47.645478,-52.724108,225000.0,,0.0,,,,[],[],[],[],,,,Vacant Land,[],"[""No sewage system""]",,Vacant Land,[],[],[],[]
St. John's,47.608733,-52.729884,399000.0,,0.0,,,,[],[],[],[],,,,Vacant Land,[],"[""Municipal sewage system""]",,Vacant Land,[],[],[],[]
St. John's,47.5417728,-52.7245259,65000.0,,0.0,,,,[],[],[],[],,,,Vacant Land,[],"[""Municipal sewage system""]",,Vacant Land,[],[],[],[]
St. John's,47.607532,-52.721198,1295000.0,,0.0,,,,[],[],[],[],,,,Vacant Land,[],"[""Municipal sewage system""]",,Vacant Land,[],[],[],[]
St. John's,47.607769,-52.721484,1295000.0,,0.0,,,,[],[],[],[],,,,Vacant Land,[],"[""Municipal sewage system""]",,Vacant Land,[],[],[],[]
Torbay,47.6445357,-52.7817614,100000.0,,0.0,,,,[],[],[],[],,,,Vacant Land,[],"[""Septic tank""]",,Vacant Land,[],[],[],[]
Torbay,47.670844,-52.777616,109900.0,,0.0,,,,[],[],[],[],,,,Vacant Land,[],"[""No sewage system""]",,Vacant Land,[],[],[],[]
Torbay,47.670702,-52.777525,99900.0,,0.0,,,,[],[],[],[],,,,Vacant Land,[],"[""No sewage system""]",,Vacant Land,[],[],[],[]
Torbay,47.678588,-52.727868,64900.0,,0.0,,,,[],[],[],[],,,,Vacant Land,[],"[""No sewage system""]",,Vacant Land,[],[],[],[]
Torbay,47.672078,-52.729193,299900.0,3.0,2.0,2068.0,[],1.0,"[""Vinyl siding""]","[""Vinyl siding""]",[],[],"[""Hot water radiator heat"", ""Oil""]",1.0,,Single Family,[],"[""Septic tank""]",,Single Family,[],"[""Mixed Flooring""]",[],[]
